Abatus agassizii,Abatus agassizii,public_outside
Abatus cavernosus,Abatus cavernosus,public_outside
Abatus philippii,Abatus philippii,private
Abyssocucumis abyssorum,Staurocucumis abyssorum,public_outside
Abyssocucumis abyssorum,Abyssocucumis abyssorum,public_outside
Acanthotrochus mirabilis,Acanthotrochus mirabilis,private
Amphioplus daleus,Amphioplus daleus,private
Amphipholis squamata,Amphipholis squamata,public_outside
Amphiura belgicae,Amphiura belgicae,public_outside
Amphiura eugeniae,Amphiura eugeniae,private
Amphiura protecta,Amphiura protecta,private
Anasterias antarctica,Anasterias minuta,private
Anasterias antarctica,Anasterias antarctica,private
Aporocidaris milleri,Aporocidaris milleri,public_outside
Astrotoma agassizii,Astrotoma agassizii,public_outside
Athyonidium chilensis,Athyonidium chilensis,public_inside
Australostichopus mollis,Stichopus mollis,public_outside
Australostichopus mollis,Australostichopus mollis,public_outside
Austrocidaris canaliculata,Austrocidaris canaliculata,private
Bathybiaster loripes,Bathybiaster loripes,public_outside
Bathyplotes moseleyi,Bathyplotes moseleyi,private
Benthodytes sanguinolenta,Benthodytes sanguinolenta,public_outside
Caenocentrotus gibbosus,Caenocentrotus gibbosus,private
Capheira sulcata,Capheira sulcata,private
Ceramaster patagonicus,Ceramaster patagonicus,public_outside
Chiridota rigida,Chiridota eximia,private
Chiridota rigida,Chiridota rigida,public_outside
Cistina columbiae,Cistina columbiae,public_outside
Cladodactyla crocea,Cladodactyla crocea,public_outside
Cosmasterias lurida,Cosmasterias lurida,private
Ctenocidaris perrieri,Ctenocidaris perrieri,public_outside
Ctenocidaris rugosa,Ctenocidaris rugosa,private
Ctenodiscus procurator,Ctenodiscus procurator,private
Cycethra verrucosa,Cycethra verrucosa,private
Dermechinus horridus,Dermechinus horridus,public_outside
Diadema savignyi,Diadema savignyi,private
Diplasterias brandti,Diplasterias brandti,public_outside
Diplasterias meridionalis,Diplasterias meridionalis,private
Diplopteraster verrucosus,Diplopteraster verrucosus,private
Echinometra mathaei,Echinometra mathaei,public_outside
Echinometra vanbrunti,Echinometra vanbrunti,public_outside
Echinoneus cyclostomus,Echinoneus cyclostomus,public_outside
Echinostrephus aciculatus,Echinostrephus aciculatus,private
Echinus multidentatus,Gracilechinus multidentatus,public_outside
Eremicaster vicinus,Eremicaster vicinus,private
Gorgonocephalus chilensis,Gorgonocephalus chilensis,public_outside
Heliaster helianthus,Heliaster helianthus,public_inside
Henricia obesa,Henricia obesa,public_outside
Henricia studeri,Henricia studeri,private
Hippasteria phrygiana,Hippasteria spinosa,public_outside
Hippasteria phrygiana,Hippasteria phrygiana,public_outside
Holothuria platei,Holothuria platei,private
Hyocrinus bethellianus,Hyocrinus bethellianus,public_outside
Isometra vivipara,Isometra vivipara,private
Labidiaster annulatus,Labidiaster annulatus,public_outside
Linckia multifora,Linckia multifora,public_outside
Lophaster stellans,Lophaster stellans,private
Loxechinus albus,Loxechinus albus,public_inside
Lysasterias perrieri,Lysasterias perrieri,private
Molpadia musculus,Molpadia musculus,public_outside
Neopsolidium convergens,Neopsolidium convergens,private
Notioceramus anomalus,Notioceramus anomalus,private
Odontaster meridionalis,Odontaster meridionalis,public_outside
Odontaster penicillatus,Odontaster penicillatus,public_outside
Ophiacantha antarctica,Ophiacantha antarctica,public_outside
Ophiacantha pentactis,Ophiacantha pentactis,public_outside
Ophiacantha vivipara,Ophiacantha vivipara,public_outside
Ophiactis asperula,Ophiactis asperula,private
Ophiochiton fastigatus,Ophiochiton fastigatus,public_outside
Ophiochondrus stelliger,Ophiochondrus stelliger,private
Ophiocten amitinum,Ophiocten amitinum,private
Ophiolimna antarctica,Ophiacantha antarctica,public_outside
Ophiolimna antarctica,Ophiolimna antarctica,public_outside
Ophiolycus nutrix,Ophioscolex nutrix,private
Ophiomusa australe,Ophiomusium australe,public_outside
Ophiomusa constricta,Ophiomusium constrictum,private
Ophiomyxa vivipara,Ophiomyxa vivipara,public_outside
Ophionotus victoriae,Ophionotus victoriae,public_outside
Ophiophragmus chilensis,Ophiophragmus chilensis,private
Ophioplinthus martensi,Ophiurolepis martensi,public_outside
Ophioplinthus martensi,Ophioplinthus martensi,public_outside
Ophiura lymani,Ophiura lymani,public_outside
Pannychia moseleyi,Pannychia moseleyi,public_outside
Paralophaster antarcticus,Paralophaster antarcticus,public_outside
Patiria chilensis,Patiria chilensis,public_outside
Pattalus mollis,Pattalus mollis,private
Pentactella laevigata,Pseudocnus laevigatus,private
Pentactella laevigata,Pentactella laevigata,private
Perknaster densus,Perknaster densus,public_outside
Perlophiura profundissima,Perlophiura profundissima,public_outside
Pilematechinus vesica,Pilematechinus vesica,public_outside
Promachocrinus kerguelensis,Promachocrinus kerguelensis,public_outside
Pseudarchaster discus,Pseudarchaster discus,private
Pseudechinus magellanicus,Pseudechinus novaeamsterdamiae,private
Pseudechinus magellanicus,Pseudechinus magellanicus,public_outside
Pseudocnus dubiosus,Pseudocnus dubiosus,private
Pseudostichopus mollis,Pseudostichopus mollis,public_outside
Psilaster charcoti,Psilaster charcoti,public_outside
Psolus antarcticus,Psolus antarcticus,public_outside
Psolus patagonicus,Psolus patagonicus,private
Psolus squamatus,Psolus squamatus,private
Psychropotes longicauda,Psychropotes longicauda,private
Pteraster affinis,Pteraster affinis,private
Pteraster gibber,Pteraster gibber,private
Pteraster stellifer,Pteraster stellifer,private
Sigmodota contorta,Sigmodota contorta,private
Solanometra antarctica,Solanometra antarctica,public_outside
Solaster regularis,Solaster regularis,public_outside
Sterechinus agassizii,Sterechinus agassizi,public_outside
Stichaster striatus,Stichaster striatus,public_inside
Stichopus horrens,Stichopus variegatus,private
Stichopus horrens,Stichopus horrens,public_outside
Tetrapygus niger,Tetrapygus niger,public_inside
Tremaster mirabilis,Tremaster mirabilis,private
Tripneustes gratilla,Tripneustes gratilla,public_outside
Ypsilothuria bitentaculata,Ypsilothuria bitentaculata,private
