Abylopsis tetragona,Abylopsis tetragona,public_outside
Acanthogorgia aspera,Acanthogorgia aspera,public_outside
Actinauge verrillii,Actinauge verrillii,public_outside
Actinostola crassicornis,Actinostola crassicornis,private
Aequorea forskalea,Aequorea aequorea,public_outside
Aequorea forskalea,Aequorea forskalea,private
Agalma elegans,Agalma elegans,public_outside
Aglaura hemistoma,Aglaura hemistoma,public_outside
Alcyonium haddoni,Alcyonium haddoni,public_outside
Alcyonium varum,Alcyonium roseum,public_outside
Amphicaryon acaule,Amphicaryon acaule,public_outside
Amphicaryon ernesti,Amphicaryon ernesti,public_outside
Amphinema rugosum,Amphinema rugosum,private
Amphisbetia furcata,Sertularia furcata,public_outside
Amphisbetia operculata,Sertularia operculata,public_outside
Anemonia alicemartinae,Anemonia alicemartinae,public_outside
Antholoba achates,Antholoba achates,public_outside
Anthoptilum grandiflorum,Anthoptilum grandiflorum,public_outside
Anthothoe chilensis,Anthothoe chilensis,private
Atolla wyvillei,Atolla wyvillei,public_outside
Bassia bassensis,Bassia bassensis,public_outside
Bolocera kerguelensis,Bolocera kerguelensis,private
Bolocera tuediae,Bolocera tuediae,public_outside
Bougainvillia muscoides,Bougainvillia muscoides,public_outside
Convexella magelhaenica,Convexella magelhaenica,public_outside
Corallimorphus profundus,Corallimorphus profundus,public_outside
Cordagalma ordinata,Cordagalma cordiforme,public_outside
Coryne eximia,Coryne eximia,public_inside
Crossota rufobrunnea,Crossota rufobrunnea,public_outside
Crystallophyes amygdalina,Crystallophyes amygdalina,private
Dactylanthus antarcticus,Dactylanthus antarcticus,private
Dasystenella acanthina,Dasystenella acanthina,public_outside
Desmophyllum dianthus,Desmophyllum dianthus,public_outside
Dimophyes arctica,Dimophyes arctica,public_outside
Diphyes bojani,Diphyes bojani,public_outside
Distichoptilum gracile,Distichoptilum gracile,public_outside
Ectopleura dumortierii,Ectopleura dumortierii,public_outside
Enneagonum hyalinum,Enneagonum hyalinum,public_outside
Eudoxoides spiralis,Eudoxoides spiralis,public_outside
Euphysa aurata,Euphysa aurata,public_outside
Filellum serpens,Filellum serpens,public_outside
Gonactinia prolifera,Gonactinia prolifera,public_outside
Halopsis ocellata,Halopsis ocellata,private
Hippopodius hippopus,Hippopodius hippopus,public_outside
Hormathia pectinata,Hormathia pectinata,private
Hybocodon chilensis,Hybocodon chilensis,public_outside
Incrustatus comauensis,Incrustatus comauensis,public_outside
Isosicyonis alba,Isosicyonis alba,private
Isotealia antarctica,Isotealia antarctica,private
Javania cailleti,Javania cailleti,public_outside
Lafoea dumosa,Lafoea dumosa,public_outside
Lensia campanella,Lensia campanella,public_outside
Lensia challengeri,Lensia challengeri,private
Lensia conoidea,Lensia conoidea,private
Lensia cossack,Lensia cossack,private
Lensia fowleri,Lensia fowleri,public_outside
Lensia hotspur,Lensia hotspur,public_outside
Lensia meteori,Lensia meteori,public_outside
Leuckartiara octona,Leuckartiara octona,public_outside
Liriope tetraphylla,Liriope tetraphylla,public_outside
Madrepora oculata,Madrepora oculata,public_outside
Metridium dianthus,Metridium dianthus,public_outside
Muggiaea atlantica,Muggiaea atlantica,public_outside
Obelia dichotoma,Obelia dichotoma,public_outside
Parastenella spinosa,Parastenella spinosa,public_outside
Parazoanthus elongatus,Parazoanthus elongatus,public_outside
Phialella quadrata,Phialella quadrata,private
Phymanthea pluvia,Phymantea pluvia,private
Physalia physalis,Physalia utriculus,public_outside
Physalia physalis,Physalia physalis,public_outside
Plumarella delicatissima,Plumarella delicatissima,public_outside
Plumarella diadema,Plumarella diadema,public_outside
Podocoryna borealis,Podocoryna borealis,public_outside
Porites lobata,Porites lobata,public_outside
Praya dubia,Praya dubia,public_outside
Primnoeides kuekenthali,Digitogorgia kuekenthali,public_outside
Primnoella chilensis,Primnoella chilensis,public_outside
Primnoella scotiae,Primnoella scotiae,public_outside
Proboscidactyla ornata,Proboscidactyla ornata,public_outside
Proboscidactyla stellata,Proboscidactyla stellata,private
Pyrostephos vanhoeffeni,Pyrostephos vanhoeffeni,public_outside
Renilla muelleri,Renilla muelleri,public_outside
Rhizophysa eysenhardtii,Rhizophysa eysenhardti,public_outside
Rhopalonema velatum,Rhopalonema velatum,public_outside
Rosacea cymbiformis,Rosacea cymbiformis,public_outside
Sertularella polyzonias,Sertularella polyzonias,public_outside
Sertularia distans,Sertularia distans,public_outside
Solenosmilia variabilis,Solenosmilia variabilis,public_outside
Solmundella bitentaculata,Solmundella bitentaculata,public_outside
Sphaeronectes fragilis,Sphaeronectes fragilis,private
Sphaeronectes koellikeri,Sphaeronectes gracilis,public_outside
Stachyptilum superbum,Stachyptilum superbum,public_outside
Stauridiosarsia ophiogaster,Stauridiosarsia ophiogaster,public_outside
Stephanauge nexilis,Stephanauge nexilis,public_outside
Sulculeolaria chuni,Sulculeolaria chuni,private
Sulculeolaria quadrivalvis,Sulculeolaria quadrivalvis,public_outside
Symplectoscyphus tricuspidatus,Sertularia tricuspidata,public_outside
Symplectoscyphus tricuspidatus,Symplectoscyphus tricuspidatus,public_outside
Velella velella,Velella velella,public_outside
Victorgorgia argentea,Anthothela argentea,private
Vogtia spinosa,Vogtia spinosa,public_outside
