Antarctotetilla leptoderma,Tetilla leptoderma,public_outside
Antarctotetilla leptoderma,Antarctotetilla leptoderma,public_outside
Cinachyra barbata,Cinachyra barbata,public_outside
Cliona chilensis,Cliona chilensis,public_outside
Clionaopsis platei,Clionaopsis platei,public_outside
Dysidea fragilis,Dysidea fragilis,private
Eurypon miniaceum,Eurypon miniaceum,public_outside
Halisarca dujardini,Halisarca dujardini,public_outside
Iophon unicorne,Iophon unicorne,public_outside
Ircinia variabilis,Ircinia variabilis,public_outside
Niphates erecta,Niphates erecta,public_outside
Pione vastifica,Cliona vastifica,private
Pione vastifica,Pione vastifica,public_outside
Plakina trilopha,Plakina trilopha,public_outside
Poecillastra compressa,Poecillastra compressa,public_outside
Polymastia invaginata,Polymastia invaginata,public_outside
Polymastia isidis,Polymastia isidis,public_outside
Pseudoceratina purpurea,Pseudoceratina purpurea,public_outside
Pseudosuberites hyalinus,Pseudosuberites hyalinus,public_outside
Rossella racovitzae,Rossella racovitzae,public_outside
Spheciospongia vesparium,Spheciospongia vesparium,public_outside
Spirastrella cunctatrix,Spirastrella cunctatrix,private
Stelletta clarella,Stelletta clarella,public_outside
