Acanthina monodon,Acanthina imbricata,private
Acanthina monodon,Acanthina monodon,public_outside
Acanthopleura echinata,Acanthopleura echinata,private
Adelomelon ancilla,Adelomelon ancilla,private
Anatoma euglypta,Anatoma euglypta,public_outside
Antisabia foliacea,Antisabia foliacea,public_outside
Antistreptus magellanicus,Antistreptus magellanicus,private
Argopecten purpuratus,Argopecten purpuratus,public_outside
Aulacomya atra,Aulacomya ater,public_outside
Aulacomya atra,Aulacomya atra,public_outside
Austrolittorina araucana,Austrolittorina araucana,public_inside
Austrolittorina fernandezensis,Austrolittorina fernandezensis,public_inside
Bathymargarites symplector,Bathymargarites symplector,public_outside
Bathyteuthis abyssicola,Bathyteuthis abyssicola,public_outside
Brachidontes granulatus,Brachidontes granulatus,public_inside
Bulla punctulata,Bulla punctulata,public_outside
Callochiton bouveti,Callochiton bouveti,public_outside
Callochiton puniceus,Callochiton puniceus,public_outside
Capulus subcompressus,Capulus subcompressus,public_outside
Concholepas concholepas,Concholepas concholepas,public_inside
Conus miliaris,Conus miliaris,public_outside
Conus musicus,Conus ceylanensis,public_outside
Conus musicus,Conus musicus,public_outside
Conus nanus,Conus nanus,public_outside
Coralliophila violacea,Coralliophila neritoidea,private
Coralliophila violacea,Coralliophila violacea,public_outside
Coronium acanthodes,Coronium acanthodes,private
Crepipatella dilatata,Crepidula depressa,public_outside
Crepipatella dilatata,Crepipatella dilatata,public_outside
Ctena bella,Ctena bella,private
Cyclocardia astartoides,Cyclocardia astartoides,private
Cyclocardia spurca,Cardita spurca,private
Delectopecten vitreus,Delectopecten vitreus,public_outside
Dosidicus gigas,Dosidicus gigas,public_outside
Echinolittorina peruviana,Nodilittorina peruviana,private
Echinolittorina peruviana,Echinolittorina peruviana,public_inside
Enteroctopus megalocyathus,Enteroctopus megalocyathus,public_outside
Ervilia bisculpta,Ervilia bisculpta,private
Eucleoteuthis luminosa,Eucleoteuthis luminosa,public_outside
Eulepetopsis vitrea,Eulepetopsis vitrea,public_outside
Fiona pinnata,Fiona pinnata,public_inside
Fissurella maxima,Fissurella maxima,private
Fusitriton magellanicus,Fusitriton magellanicus,private
Galiteuthis glacialis,Galiteuthis glacialis,public_outside
Gonatus antarcticus,Gonatus antarcticus,public_outside
Hiatella arctica,Hiatella pholadis,private
Hiatella arctica,Hiatella solida,private
Hiatella arctica,Hiatella arctica,public_outside
Histioteuthis atlantica,Histioteuthis atlantica,public_outside
Histioteuthis eltaninae,Histioteuthis eltaninae,public_outside
Imbricariopsis punctata,Imbricaria punctata,public_outside
Impages stylata,Hastula stylata,public_outside
Iothia emarginuloides,Iothia coppingeri,public_outside
Iothia emarginuloides,Iothia emarginuloides,public_outside
Julia exquisita,Julia exquisita,private
Laevilitorina caliginosa,Laevilitorina caliginosa,public_outside
Laternula elliptica,Laternula elliptica,public_outside
Leptochiton kerguelensis,Leptochiton kerguelensis,public_outside
Leptochiton medinae,Leptochiton medinae,public_outside
Leptocollonia innocens,Leptocollonia innocens,private
Limatula hodgsoni,Limatula hodgsoni,private
Limea pygmaea,Limatula pygmaea,private
Limopsis marionensis,Limopsis marionensis,public_outside
Lissarca miliaris,Lissarca miliaris,private
Lissarca notorcadensis,Lissarca notorcadensis,public_outside
Melampus castaneus,Melampus castaneus,public_outside
Monetaria caputserpentis,Cypraea caputserpentis,public_outside
Monetaria caputserpentis,Erosaria caputserpentis,public_outside
Monetaria caputserpentis,Monetaria caputserpentis,public_outside
Monetaria moneta,Cypraea moneta,public_outside
Monetaria moneta,Monetaria moneta,public_outside
Morula uva,Morula uva,public_outside
Muusoctopus eureka,Benthoctopus eureka,public_outside
Muusoctopus eureka,Muusoctopus eureka,private
Mytilus chilensis,Mytilus chilensis,public_outside
Nacella clypeater,Nacella clypeater,public_outside
Nacella concinna,Nacella concinna,public_outside
Nacella deaurata,Nacella fuegiensis,public_outside
Nacella deaurata,Nacella deaurata,public_outside
Nacella flammea,Nacella flammea,public_outside
Nacella magellanica,Nacella chiloensis,public_outside
Nacella magellanica,Nacella venosa,public_outside
Nacella magellanica,Nacella magellanica,public_outside
Nacella mytilina,Nacella mytilina,public_inside
Naria cernica,Erosaria cernica,public_outside
Naria englerti,Erosaria englerti,public_outside
Nerita lirellata,Nerita lirellata,public_inside
Nodilittorina pyramidalis,Nodilittorina pyramidalis,public_outside
Nucula profundorum,Nucula profundorum,public_outside
Octopus vulgaris,Octopus vulgaris,public_inside
Odontocymbiola magellanica,Odontocymbiola magellanica,private
Onychoteuthis banksii,Onychoteuthis banksii,public_outside
Onykia ingens,Onykia ingens,public_outside
Pareuthria fuscata,Pareuthria campbelli,public_outside
Pareuthria fuscata,Pareuthria plumbea,private
Perumytilus purpuratus,Brachidontes purpuratus,public_outside
Perumytilus purpuratus,Perumytilus purpuratus,public_inside
Philobrya sublaevis,Philobrya sublaevis,private
Plaxiphora aurata,Plaxiphora aurata,private
Polinices uber,Polinices uber,public_outside
Priene scabrum,Priene scabrum,private
Prisogaster niger,Prisogaster niger,public_inside
Propeleda longicaudata,Propeleda longicaudata,public_outside
Puncturella noachina,Puncturella noachina,public_outside
Pyroteuthis margaritifera,Pyroteuthis margaritifera,public_outside
Scurria ceciliana,Scurria ceciliana,public_inside
Scurria parasitica,Scurria parasitica,public_inside
Scurria scurra,Scurria scurra,public_inside
Scurria variabilis,Scurria parasitica,public_inside
Scurria variabilis,Scurria variabilis,private
Scurria viridula,Scurria viridula,public_inside
Scurria viridula,Scurria viridula,public_inside
Scurria zebrina,Scurria zebrina,public_inside
Semele solida,Semele solida,private
Semimytilus algosus,Semimytilus algosus,public_outside
Semirossia patagonica,Semirossia patagonica,public_outside
Siphonaria lateralis,Kerguelenella lateralis,public_outside
Siphonaria lateralis,Siphonaria lateralis,private
Tagelus dombeii,Tagelus dombeii,public_outside
Tegula atra,Tegula atra,public_inside
Teuthowenia pellucida,Teuthowenia pellucida,public_outside
Thracia meridionalis,Thracia meridionalis,public_outside
Thyasira debilis,Thyasira debilis,public_outside
Todarodes filippovae,Todarodes filippovae,public_outside
Tonicia chilensis,Tonicia chilensis,private
Tonicia lebruni,Tonicia lebruni,private
Tremoctopus violaceus,Tremoctopus violaceus,public_outside
Trochita pileolus,Calyptraea pileolus,private
Trochita pileolus,Trochita pileolus,private
Trochita pileus,Calyptraea pileus,private
Trophon geversianus,Trophon geversianus,public_outside
Trophon minutus,Trophon minutus,private
Volvarina warrenii,Volvarina warrenii,private
Xanthochorus cassidiformis,Xanthochorus cassidiformis,public_inside
Xymenopsis muriciformis,Xymenopsis muriciformis,public_inside
Yoldiella sabrina,Yoldiella sabrina,public_outside
Yoldiella valettei,Yoldiella valettei,public_outside
