Aculeola nigra,Aculeola nigra,public_inside
Amblyraja doellojuradoi,Amblyraja doellojuradoi,public_outside
Apristurus brunneus,Apristurus brunneus,public_outside
Apristurus nasutus,Apristurus nasutus,public_inside
Bathyraja brachyurops,Raja brachyura,public_outside
Bathyraja brachyurops,Bathyraja brachyurops,public_outside
Bathyraja magellanica,Bathyraja magellanica,public_outside
Bythaelurus canescens,Bythaelurus canescens,public_inside
Carcharhinus amblyrhynchos,Carcharhinus amblyrhynchos,public_outside
Centroscyllium nigrum,Centroscyllium nigrum,public_inside
Cetorhinus maximus,Cetorhinus maximus,public_inside
Deania calcea,Deania calcea,public_inside
Discopyge tschudii,Discopyge tschudii,public_inside
Etmopterus granulosus,Etmopterus granulosus,public_inside
Gurgesiella furvescens,Gurgesiella furvescens,public_inside
Hexanchus griseus,Hexanchus griseus,public_inside
Leucoraja circularis,Leucoraja circularis,public_outside
Mustelus mento,Mustelus mento,public_inside
Psammobatis rudis,Psammobatis rudis,public_outside
Psammobatis scobina,Psammobatis scobina,public_inside
Rhincodon typus,Rhincodon typus,public_outside
Schroederichthys bivius,Schroederichthys bivius,public_outside
Schroederichthys chilensis,Schroederichthys chilensis,public_inside
Somniosus antarcticus,Somniosus antarcticus,private
Squalus acanthias,Squalus acanthias,public_inside
Sympterygia brevicaudata,Sympterygia brevicaudata,private
Zearaja chilensis,Zearaja chilensis,public_inside
