Aetobatus narinari,Aetobatus laticeps,private
Aetobatus narinari,Aetobatus narinari,public_outside
Alopias pelagicus,Alopias pelagicus,public_outside
Alopias vulpinus,Alopias vulpinus,public_outside
Carcharhinus albimarginatus,Carcharhinus albimarginatus,public_outside
Carcharhinus altimus,Carcharhinus altimus,public_outside
Carcharhinus brachyurus,Carcharhinus brachyurus,public_outside
Carcharhinus falciformis,Carcharhinus falciformis,public_outside
Carcharhinus galapagensis,Carcharhinus galapagensis,public_outside
Carcharhinus leucas,Carcharhinus leucas,public_outside
Carcharhinus limbatus,Carcharhinus limbatus,public_outside
Carcharhinus longimanus,Carcharhinus longimanus,public_outside
Carcharhinus porosus,Carcharhinus porosus,public_outside
Diplobatis ommata,Diplobatis ommata,private
Echinorhinus cookei,Echinorhinus cookei,public_outside
Etmopterus virens,Etmopterus virens,private
Galeocerdo cuvier,Galeocerdo cuvier,public_outside
Galeorhinus galeus,Galeorhinus galeus,public_outside
Ginglymostoma cirratum,Ginglymostoma cirratum,public_outside
Gymnura marmorata,Gymnura marmorata,public_outside
Heterodontus mexicanus,Heterodontus mexicanus,public_outside
Hypanus dipterurus,Dasyatis dipterura,public_outside
Hypanus dipterurus,Hypanus dipterurus,public_outside
Hypanus guttatus,Dasyatis guttata,public_outside
Hypanus longus,Dasyatis longa,private
Mobula birostris,Manta birostris,public_outside
Mobula birostris,Mobula birostris,public_outside
Mobula munkiana,Mobula munkiana,public_outside
Mobula thurstoni,Mobula thurstoni,public_outside
Mustelus henlei,Mustelus henlei,public_outside
Mustelus lunulatus,Mustelus lunulatus,public_outside
Narcine entemedor,Narcine entemedor,public_outside
Narcine vermiculatus,Narcine vermiculatus,private
Nasolamia velox,Nasolamia velox,private
Nebrius ferrugineus,Nebrius ferrugineus,public_outside
Negaprion brevirostris,Negaprion brevirostris,public_outside
Notorynchus cepedianus,Notorynchus cepedianus,public_outside
Odontaspis ferox,Odontaspis ferox,public_outside
Pristis perotteti,Pristis perotteti,private
Pristis pristis,Pristis pristis,public_outside
Pseudobatos glaucostigmus,Rhinobatos glaucostigma,public_outside
Pseudobatos leucorhynchus,Rhinobatos leucorhynchus,private
Pseudobatos planiceps,Pseudobatos planiceps,private
Pseudobatos prahli,Rhinobatos prahli,private
Pteroplatytrygon violacea,Pteroplatytrygon violacea,public_outside
Raja velezi,Raja velezi,public_outside
Rhincodon typus,Rhincodon typus,public_outside
Rhinoptera steindachneri,Rhinoptera steindachneri,public_outside
Rhizoprionodon longurio,Rhizoprionodon longurio,public_outside
Sphyrna corona,Sphyrna corona,public_outside
Sphyrna lewini,Sphyrna lewini,public_outside
Sphyrna mokarran,Sphyrna mokarran,public_outside
Sphyrna tiburo,Sphyrna tiburo,public_outside
Sphyrna zygaena,Sphyrna zygaena,public_outside
Triaenodon obesus,Triaenodon obesus,public_outside
Urotrygon aspidura,Urotrygon aspidura,private
Urotrygon chilensis,Urotrygon chilensis,public_outside
Urotrygon munda,Urotrygon munda,private
Urotrygon rogersi,Urotrygon rogersi,private
