Arctocephalus australis,Arctocephalus australis,public_outside
Balaenoptera acutorostrata,Balaenoptera acutorostrata,public_outside
Balaenoptera borealis,Balaenoptera borealis,public_outside
Balaenoptera physalus,Balaenoptera musculus,public_outside
Balaenoptera physalus,Balaenoptera physalus,public_outside
Cephalorhynchus commersonii,Cephalorhynchus commersonii,private
Eubalaena australis,Eubalaena australis,public_outside
Globicephala melas,Globicephala melas,public_outside
Grampus griseus,Grampus griseus,public_outside
Kogia breviceps,Kogia breviceps,public_outside
Lagenorhynchus australis,Lagenorhynchus australis,private
Lagenorhynchus obscurus,Lagenorhynchus obscurus,private
Megaptera novaeangliae,Megaptera novaeangliae,public_outside
Mesoplodon densirostris,Mesoplodon densirostris,public_outside
Mirounga leonina,Mirounga leonina,public_outside
Orcinus orca,Orcinus orca,public_outside
Otaria flavescens,Otaria byronia,public_outside
Otaria flavescens,Otaria flavescens,public_outside
Phocoena spinipinnis,Phocoena spinipinnis,public_outside
Physeter macrocephalus,Physeter catodon,public_outside
Physeter macrocephalus,Physeter macrocephalus,public_outside
Stenella longirostris,Stenella longirostris,public_outside
Tursiops truncatus,Tursiops truncatus,public_outside
