Balaenoptera acutorostrata,Balaenoptera acutorostrata,public_outside
Balaenoptera edeni,Balaenoptera brydei,public_outside
Balaenoptera edeni,Balaenoptera edeni,public_outside
Balaenoptera musculus,Balaenoptera musculus,public_outside
Delphinus delphis,Delphinus capensis,public_outside
Delphinus delphis,Delphinus delphis,public_outside
Eumetopias jubatus,Eumetopias jubatus,public_outside
Feresa attenuata,Feresa attenuata,public_outside
Globicephala macrorhynchus,Globicephala macrorhynchus,public_outside
Grampus griseus,Grampus griseus,public_outside
Kogia sima,Kogia sima,public_outside
Lagenodelphis hosei,Lagenodelphis hosei,public_outside
Megaptera novaeangliae,Megaptera novaeangliae,public_outside
Mesoplodon densirostris,Mesoplodon densirostris,public_outside
Mirounga leonina,Mirounga leonina,public_outside
Orcinus orca,Orcinus orca,public_outside
Otaria flavescens,Otaria byronia,public_outside
Otaria flavescens,Otaria flavescens,public_outside
Peponocephala electra,Peponocephala electra,public_outside
Physeter macrocephalus,Physeter catodon,public_outside
Physeter macrocephalus,Physeter macrocephalus,public_outside
Pseudorca crassidens,Pseudorca crassidens,public_outside
Stenella attenuata,Stenella attenuata,public_outside
Stenella coeruleoalba,Stenella coeruleoalba,public_outside
Stenella longirostris,Stenella longirostris,public_outside
Steno bredanensis,Steno bredanensis,public_outside
Tursiops truncatus,Tursiops truncatus,public_inside
Zalophus californianus,Zalophus californianus,public_outside
Ziphius cavirostris,Ziphius cavirostris,public_outside
