Abylopsis tetragona,Abylopsis tetragona,public_outside
Acanthogorgia aspera,Acanthogorgia aspera,public_outside
Acanthopathes thyoides,Acanthopathes thyoides,public_outside
Acropora cervicornis,Acropora cervicornis,public_outside
Acropora palmata,Acropora palmata,public_outside
Acropora valida,Acropora valida,private
Agalma elegans,Agalma elegans,public_outside
Agaricia agaricites,Agaricia agaricites,public_outside
Agaricia fragilis,Agaricia fragilis,public_outside
Agaricia humilis,Agaricia humilis,public_outside
Aglaophenia latecarinata,Aglaophenia latecarinata,private
Aglaura hemistoma,Aglaura hemistoma,public_outside
Alicia mirabilis,Alicia mirabilis,private
Antillogorgia acerosa,Antillogorgia acerosa,private
Antillogorgia americana,Pseudopterogorgia americana,private
Antillogorgia americana,Antillogorgia americana,private
Antillogorgia bipinnata,Pseudopterogorgia bipinnata,public_outside
Antillogorgia bipinnata,Antillogorgia bipinnata,public_outside
Antillogorgia rigida,Antillogorgia rigida,private
Antipathes atlantica,Antipathes atlantica,public_outside
Antipathes caribbeana,Antipathes caribbeana,public_outside
Antipathes furcata,Antipathes furcata,public_outside
Antipathes gracilis,Antipathes gracilis,private
Astrangia solitaria,Astrangia solitaria,private
Bartholomea annulata,Bartholomea annulata,private
Bassia bassensis,Bassia bassensis,public_outside
Briareum asbestinum,Briareum asbestinum,public_outside
Callogorgia gracilis,Callogorgia gracilis,public_outside
Carijoa riisei,Carijoa riisei,public_outside
Cassiopea frondosa,Cassiopea frondosa,public_outside
Chelophyes appendiculata,Chelophyes appendiculata,private
Cladocora arbuscula,Cladocora arbuscula,public_outside
Cladopsammia eguchii,Cladopsammia eguchii,public_outside
Cladopsammia gracilis,Cladopsammia gracilis,public_outside
Colangia immersa,Colangia immersa,private
Colpophyllia natans,Colpophyllia natans,public_outside
Dendrogyra cylindrus,Dendrogyra cylindrus,public_outside
Desmophyllum pertusum,Lophelia pertusa,public_outside
Dichocoenia stokesii,Dichocoenia stokesi,public_outside
Dichocoenia stokesii,Dichocoenia stokesii,private
Diodogorgia nodulifera,Diodogorgia ceratosa,public_outside
Diodogorgia nodulifera,Diodogorgia nodulifera,public_outside
Diphyes bojani,Diphyes bojani,public_outside
Diphyes chamissonis,Diphyes chamissonis,public_outside
Diphyes dispar,Diphyes dispar,public_outside
Diploria labyrinthiformis,Diploria labyrinthiformis,public_outside
Discosoma carlgreni,Discosoma carlgreni,public_outside
Ectopleura dumortierii,Ectopleura dumortierii,public_outside
Elatopathes abietina,Elatopathes abietina,public_outside
Ellisella elongata,Ellisella barbadensis,private
Ellisella elongata,Ellisella elongata,private
Ellisella schmitti,Ellisella schmitti,public_outside
Enneagonum hyalinum,Enneagonum hyalinum,public_outside
Erythropodium caribaeorum,Erythropodium caribaeorum,public_outside
Eucheilota menoni,Eucheilota menoni,public_outside
Eudoxoides mitra,Eudoxoides mitra,public_outside
Eudoxoides spiralis,Eudoxoides spiralis,public_outside
Eunicea calyculata,Eunicea calyculata,private
Eunicea clavigera,Eunicea clavigera,private
Eunicea flexuosa,Eunicea flexuosa,private
Eunicea fusca,Eunicea fusca,private
Eunicea knighti,Eunicea knighti,private
Eunicea laciniata,Eunicea laciniata,private
Eunicea mammosa,Eunicea mammosa,private
Eunicea succinea,Eunicea succinea,private
Eunicea tourneforti,Eunicea tourneforti,public_outside
Eusmilia fastigiata,Eusmilia fastigiata,public_outside
Favia fragum,Favia fragum,public_outside
Gardineroseris planulata,Gardineroseris planulata,public_outside
Gorgonia flabellum,Gorgonia flabellum,public_outside
Gorgonia ventalina,Gorgonia ventalina,private
Helioseris cucullata,Leptoseris cucullata,public_outside
Helioseris cucullata,Helioseris cucullata,private
Iciligorgia schrammi,Iciligorgia schrammi,private
Isaurus tuberculatus,Isaurus tuberculatus,public_outside
Isophyllia sinuosa,Isophyllia sinuosa,public_outside
Javania cailleti,Javania cailleti,public_outside
Keratoisis flexibilis,Keratoisis flexibilis,private
Lafoea dumosa,Lafoea dumosa,public_outside
Lensia campanella,Lensia campanella,public_outside
Liriope tetraphylla,Liriope tetraphylla,public_outside
Madracis auretenra,Madracis mirabilis,public_outside
Madracis auretenra,Madracis auretenra,private
Madracis decactis,Madracis decactis,private
Madracis myriaster,Madracis mirabilis,public_outside
Madracis myriaster,Madracis myriaster,public_outside
Madracis pharensis,Madracis pharensis,public_outside
Madracis senaria,Madracis senaria,private
Madrepora oculata,Madrepora oculata,public_outside
Manicina areolata,Manicina areolata,public_outside
Meandrina meandrites,Meandrina meandrites,public_outside
Millepora alcicornis,Millepora alcicornis,public_outside
Millepora complanata,Millepora complanata,public_outside
Millepora squarrosa,Millepora striata,public_outside
Millepora squarrosa,Millepora squarrosa,public_outside
Monactis vestita,Monactis vestita,private
Montastraea cavernosa,Montastraea cavernosa,public_outside
Muricea atlantica,Muricea atlantica,public_outside
Muricea elongata,Muricea elongata,private
Muricea laxa,Muricea laxa,private
Muricea muricata,Muricea muricata,private
Muricea pinnata,Muricea pinnata,private
Muriceopsis flavida,Muriceopsis flavida,public_outside
Mussa angulosa,Mussa angulosa,public_outside
Nidalia dissidens,Nidalia dissidens,public_outside
Oculina diffusa,Oculina diffusa,public_outside
Orbicella annularis,Montastraea annularis,public_outside
Orbicella annularis,Orbicella annularis,private
Orbicella faveolata,Montastraea faveolata,public_outside
Orbicella franksi,Montastraea franksi,public_outside
Orbicella franksi,Orbicella franksi,private
Paramuricea placomus,Paramuricea placomus,public_outside
Parazoanthus swiftii,Parazoanthus swiftii,public_outside
Pavona clavus,Pavona clavus,public_outside
Pavona maldivensis,Pavona maldivensis,private
Pavona varians,Pavona varians,private
Phymanthus crucifer,Phymanthus crucifer,public_outside
Platygyra daedalea,Platygyra daedalea,public_outside
Plexaura homomalla,Plexaura homomalla,private
Plexaurella dichotoma,Plexaurella fusifera,private
Plexaurella dichotoma,Plexaurella dichotoma,private
Plexaurella grisea,Plexaurella grisea,private
Plexaurella nutans,Plexaurella nutans,public_outside
Plumapathes pennacea,Plumapathes pennacea,private
Pocillopora damicornis,Pocillopora damicornis,public_outside
Pocillopora elegans,Pocillopora elegans,private
Pocillopora grandis,Pocillopora eydouxi,public_outside
Pocillopora meandrina,Pocillopora meandrina,private
Porites astreoides,Porites astreoides,public_outside
Porites divaricata,Porites divaricata,public_outside
Porites furcata,Porites furcata,public_outside
Porites lichen,Porites lichen,public_outside
Porites lobata,Porites lobata,public_outside
Porites porites,Porites porites,public_outside
Psammogorgia arbuscula,Psammogorgia arbuscula,public_outside
Pseudodiploria clivosa,Diploria clivosa,public_outside
Pseudodiploria strigosa,Diploria strigosa,public_outside
Pseudodiploria strigosa,Pseudodiploria strigosa,public_outside
Pseudoplexaura flagellosa,Pseudoplexaura flagellosa,private
Pseudoplexaura porosa,Pseudoplexaura porosa,private
Pseudoplexaura wagenaari,Pseudoplexaura wagenaari,public_outside
Pterogorgia anceps,Pterogorgia anceps,public_outside
Pterogorgia citrina,Pterogorgia citrina,private
Pterogorgia guadalupensis,Pterogorgia guadalupensis,private
Renilla muelleri,Renilla muelleri,public_outside
Renilla reniformis,Renilla reniformis,private
Rhizopsammia verrilli,Rhizopsammia verrilli,public_outside
Ricordea florida,Ricordea florida,public_outside
Sertularella polyzonias,Sertularella polyzonias,public_outside
Siderastrea radians,Siderastrea radians,public_outside
Siderastrea siderea,Siderastrea siderea,public_outside
Solenastrea bournoni,Solenastrea bournoni,public_outside
Solenastrea hyades,Solenastrea hyades,public_outside
Stephanocoenia intersepta,Stephanocoenia intersepta,private
Stichopathes luetkeni,Stichopathes lutkeni,public_outside
Stichopathes occidentalis,Stichopathes occidentalis,private
Stylaster roseus,Stylaster roseus,private
Swiftia exserta,Swiftia exserta,public_outside
Tanacetipathes barbadensis,Tanacetipathes barbadensis,public_outside
Tobagogorgia hardyi,Tobagogorgia hardyi,private
Tubastraea coccinea,Tubastraea aurea,public_outside
Tubastraea coccinea,Tubastraea coccinea,public_outside
Umimayanthus parasiticus,Parazoanthus parasiticus,public_outside
Umimayanthus parasiticus,Umimayanthus parasiticus,private
Velella velella,Velella velella,public_outside
Zoanthus pulchellus,Zoanthus pulchellus,public_outside
Zoanthus sociatus,Zoanthus sociatus,public_outside
