Acanthacaris caeca,Acanthacaris caeca,public_outside
Acanthephyra purpurea,Acanthephyra purpurea,public_outside
Acanthilia intermedia,Acanthilia intermedia,private
Acanthocope galatheae,Acanthocope galatheae,public_outside
Acanthonyx petiverii,Acanthonyx dissimulatus,public_outside
Acanthonyx petiverii,Acanthonyx scutiformis,public_outside
Acanthonyx petiverii,Acanthonyx petiverii,public_outside
Achelia sawayai,Achelia sawayai,public_outside
Achelous binoculus,Achelous binoculus,private
Achelous floridanus,Achelous floridanus,private
Achelous iridescens,Achelous iridescens,private
Achelous ordwayi,Achelous ordwayi,private
Achelous spinicarpus,Achelous spinicarpus,private
Achelous spinimanus,Achelous spinimanus,public_outside
Acrocalanus gracilis,Acrocalanus gracilis,public_outside
Aetideus armatus,Aetideus armatus,public_outside
Agolambrus agonus,Parthenope agona,private
Agolambrus agonus,Agolambrus agonus,private
Agononida longipes,Agononida longipes,private
Alpheus armatus,Alpheus armatus,public_outside
Alpheus armillatus,Alpheus armillatus,private
Alpheus bahamensis,Alpheus bahamensis,private
Alpheus floridanus,Alpheus floridanus,public_outside
Alpheus formosus,Alpheus formosus,public_outside
Alpheus hebes,Alpheus hebes,public_outside
Alpheus heterochaelis,Alpheus heterochaelis,private
Alpheus longinquus,Alpheus longinquus,private
Alpheus malleator,Alpheus malleator,public_outside
Amphithrax aculeatus,Mithrax verrucosus,private
Amphithrax hemphilli,Mithrax hemphilli,private
Ampithoe ramondi,Ampithoe ramondi,public_outside
Anchistioides antiguensis,Anchistioides antiguensis,private
Ancylomenes pedersoni,Ancylomenes pedersoni,public_outside
Anoplodactylus erectus,Anoplodactylus erectus,public_outside
Arenaeus cribrarius,Arenaeus cribrarius,public_outside
Areopaguristes oxyophthalmus,Paguristes oxyophthalmus,private
Arietellus plumifer,Arietellus plumifer,private
Aristaeomorpha foliacea,Aristaeomorpha foliacea,public_outside
Aristaeopsis edwardsiana,Aristaeopsis edwardsiana,public_outside
Ascorhynchus castellioides,Ascorhynchus castellioides,public_outside
Balanus trigonus,Balanus trigonus,public_outside
Bathynectes longispina,Bathynectes longispina,private
Bathynomus giganteus,Bathynomus giganteus,public_outside
Belzebub faxoni,Lucifer faxoni,private
Brachycarpus biunguiculatus,Brachycarpus biunguiculatus,private
Calanopia americana,Calanopia americana,private
Calappa flammea,Calappa flammea,private
Calappa gallus,Calappa gallus,public_outside
Calappa sulcata,Calappa sulcata,private
Calcinus obscurus,Calcinus obscurus,public_outside
Calcinus tibicen,Calcinus tibicen,public_outside
Callidactylus asper,Callidactylus asper,private
Callinectes arcuatus,Callinectes arcuatus,public_outside
Callinectes bocourti,Callinectes bocourti,public_outside
Callinectes danae,Callinectes danae,private
Callinectes ornatus,Callinectes ornatus,private
Callinectes sapidus,Callinectes sapidus,public_outside
Callinectes similis,Callinectes similis,public_outside
Calocalanus pavo,Calocalanus pavo,public_outside
Calocalanus plumulosus,Calocalanus plumulosus,public_outside
Calocalanus styliremis,Calocalanus styliremis,public_outside
Canthocalanus pauper,Canthocalanus pauper,public_outside
Centropages bradyi,Centropages bradyi,private
Centropages furcatus,Centropages furcatus,public_outside
Chlamydopleon dissimile,Chlamydopleon dissimile,private
Chthamalus panamensis,Chthamalus panamensis,public_outside
Clausocalanus arcuicornis,Clausocalanus arcuicornis,public_outside
Clausocalanus furcatus,Clausocalanus furcatus,public_outside
Clausocalanus paululus,Clausocalanus paululus,public_outside
Clibanarius albidigitus,Clibanarius albidigitus,public_outside
Clibanarius antillensis,Clibanarius antillensis,private
Clibanarius tricolor,Clibanarius tricolor,public_outside
Clytemnestra scutellata,Clytemnestra scutellata,private
Colossendeis angusta,Colossendeis angusta,public_outside
Colossendeis colossea,Colossendeis gigas,public_outside
Colossendeis colossea,Colossendeis colossea,public_outside
Colossendeis macerrima,Colossendeis japonica,public_outside
Colossendeis macerrima,Colossendeis macerrima,public_outside
Colossendeis minor,Colossendeis minor,private
Copilia mirabilis,Copilia mirabilis,public_outside
Coralaxius nodulosus,Coralaxius nodulosus,private
Corycaeus speciosus,Corycaeus speciosus,public_outside
Crangon crangon,Crangon crangon,public_outside
Cymothoa excisa,Cymothoa excisa,public_outside
Cyphocaris richardi,Cyphocaris richardi,private
Dardanus fucosus,Dardanus fucosus,public_outside
Dardanus venosus,Dardanus venosus,private
Delibus nudus,Delibus nudus,public_outside
Deosergestes henseni,Sergestes henseni,private
Dissodactylus primitivus,Dissodactylus primitivus,private
Distioculus minor,Distioculus minor,private
Domecia hispida,Domecia hispida,public_outside
Dromia erythropus,Dromia erythropus,private
Ebalia cariosa,Ebalia cariosa,public_outside
Elthusa vulgaris,Lironeca vulgaris,public_outside
Elthusa vulgaris,Elthusa vulgaris,public_outside
Ephyrina ombango,Ephyrina ombango,public_outside
Epialtus bituberculatus,Epialtus bituberculatus,public_outside
Ericerodes gracilipes,Ericerodes gracilipes,private
Ericthonius brasiliensis,Ericthonius difformis,public_outside
Ericthonius brasiliensis,Ericthonius brasiliensis,public_outside
Euchaeta marina,Euchaeta marina,public_outside
Euchaeta media,Euchaeta media,public_outside
Euchirella amoena,Euchirella amoena,public_outside
Euchirella curticauda,Euchirella curticauda,public_outside
Euchirella splendens,Euchirella splendens,public_outside
Eumunida picta,Eumunida picta,public_outside
Euphausia lamelligera,Euphausia lamelligera,public_outside
Euphausia superba,Euphausia superba,public_outside
Eupronoe minuta,Eupronoe minuta,public_outside
Eurycyde curvata,Eurycyde curvata,public_outside
Exhippolysmata oplophoroides,Exhippolysmata oplophoroides,public_outside
Farranula gracilis,Farranula gracilis,private
Funchalia villosa,Funchalia villosa,public_outside
Galacantha spinosa,Galacantha spinosa,public_outside
Gardinerosergia splendens,Sergia splendens,private
Gibbesia neglecta,Gibbesia neglecta,private
Gigantocypris muelleri,Gigantocypris muelleri,public_outside
Haloptilus acutifrons,Haloptilus acutifrons,private
Hepatus pudibundus,Hepatus pudibundus,public_outside
Heterocarpus ensifer,Heterocarpus ensifer,public_outside
Heterorhabdus papilliger,Heterorhabdus papilliger,public_outside
Hippa testudinaria,Hippa testudinaria,private
Hippolyte zostericola,Hippolyte zostericola,public_outside
Homola barbata,Homola barbata,public_outside
Hymenopenaeus debilis,Hymenopenaeus debilis,public_outside
Iliacantha liodactylus,Iliacantha liodactylus,private
Iridopagurus caribbensis,Iridopagurus caribbensis,private
Iridopagurus margaritensis,Iridopagurus margaritensis,private
Iridopagurus reticulatus,Iridopagurus reticulatus,private
Iridopagurus violaceus,Iridopagurus violaceus,private
Labidocera aestiva,Labidocera aestiva,private
Laleonectes vocans,Laleonectes vocans,private
Latreutes parvulus,Latreutes parvulus,public_outside
Leander tenuicornis,Palaemon mexicanus,public_outside
Leander tenuicornis,Leander tenuicornis,private
Lucicutia flavicornis,Lucicutia flavicornis,public_outside
Lysmata grabhami,Lysmata grabhami,public_outside
Lysmata intermedia,Lysmata intermedia,public_outside
Macrocoeloma trispinosum,Macrocoeloma trispinosum,private
Macrosetella gracilis,Macrosetella gracilis,public_outside
Mecynocera clausi,Mecynocera clausi,public_outside
Megalobrachium poeyi,Megalobrachium poeyi,private
Megalobrachium roseum,Megalobrachium roseum,private
Megalobrachium soriatum,Megalobrachium soriatum,private
Melita palmata,Melita palmata,public_outside
Meningodora vesca,Acanthephyra brevirostris,public_outside
Meningodora vesca,Meningodora vesca,public_outside
Menippe nodifrons,Menippe nodifrons,public_outside
Mesocalanus tenuicornis,Mesocalanus tenuicornis,public_outside
Mesopenaeus tropicalis,Mesopenaeus tropicalis,private
Metanephrops binghami,Metanephrops binghami,private
Metapenaeopsis gerardoi,Metapenaeopsis gerardoi,public_outside
Metapenaeopsis goodei,Metapenaeopsis goodei,private
Metapenaeopsis hobbsi,Metapenaeopsis hobbsi,private
Microphrys platysoma,Microphrys platysoma,private
Microprosthema semilaeve,Microprosthema semilaeve,private
Microsetella rosea,Microsetella rosea,private
Miracia efferata,Miracia efferata,public_outside
Mithraculus coryphe,Mithraculus coryphe,public_outside
Mithraculus forceps,Mithraculus forceps,public_outside
Mithraculus sculptus,Mithraculus sculptus,public_outside
Munida flinti,Munida flinti,private
Munida valida,Munida valida,public_outside
Munidopsis abbreviata,Munidopsis abbreviata,public_outside
Munidopsis antonii,Munidopsis antonii,public_outside
Munidopsis aries,Munidopsis aries,public_outside
Munidopsis erinacea,Munidopsis erinacea,public_outside
Munidopsis panamae,Munidopsis panamae,private
Munidopsis recta,Munidopsis recta,public_outside
Nannocalanus minor,Nannocalanus minor,public_outside
Nanoplax xanthiformis,Nanoplax xanthiformis,private
Nematocarcinus ensifer,Nematocarcinus ensifer,public_outside
Neocalanus gracilis,Neocalanus gracilis,public_outside
Neocalanus robustior,Neocalanus robustior,public_outside
Neogonodactylus bredini,Gonodactylus bredini,private
Neogonodactylus bredini,Neogonodactylus bredini,public_outside
Neogonodactylus oerstedii,Neogonodactylus oerstedii,public_outside
Neolithodes agassizii,Neolithodes agassizii,private
Nephropides caribaeus,Nephropides caribaeus,public_outside
Nephropsis aculeata,Nephropsis aculeata,private
Nephropsis rosea,Nephropsis rosea,public_outside
Nikoides schmitti,Nikoides schmitti,private
Nyctiphanes simplex,Nyctiphanes simplex,public_outside
Oithona plumifera,Oithona plumifera,public_outside
Oithona setigera,Oithona setigera,private
Omalacantha bicornuta,Microphrys bicornutus,public_outside
Oncaea media,Oncaea media,private
Oncaea venusta,Oncaea venusta,public_outside
Oplophorus gracilirostris,Oplophorus gracilirostris,public_outside
Oplophorus spinosus,Oplophorus spinosus,public_outside
Pachycheles monilifer,Pachycheles monilifer,public_outside
Pachygrapsus transversus,Pachygrapsus transversus,public_outside
Pagurus brevidactylus,Pagurus brevidactylus,private
Pagurus criniticornis,Pagurus criniticornis,private
Pagurus longicarpus,Pagurus longicarpus,public_outside
Palaemon mundusnovus,Palaemonetes intermedius,public_outside
Palaemon northropi,Palaemon northropi,private
Palinurus elephas,Palinurus elephas,public_outside
Panopeus occidentalis,Panopeus occidentalis,public_outside
Panulirus argus,Panulirus argus,public_outside
Panulirus guttatus,Panulirus guttatus,public_outside
Paracalanus aculeatus,Paracalanus aculeatus,public_outside
Paracalanus parvus,Paracalanus parvus,public_outside
Paraheterorhabdus robustus,Paraheterorhabdus robustus,public_outside
Paraliomera dispar,Paraliomera dispar,public_outside
Parapenaeus americanus,Parapenaeus americanus,public_outside
Parapenaeus longirostris,Parapenaeus longirostris,public_outside
Pareucalanus attenuatus,Eucalanus attenuatus,private
Pareucalanus attenuatus,Eucalanus pseudattenuatus,public_outside
Pareucalanus attenuatus,Pareucalanus attenuatus,public_outside
Parvocalanus crassirostris,Parvocalanus crassirostris,public_outside
Pasiphaea sivado,Pasiphaea sivado,public_outside
Penaeopsis serrata,Penaeopsis serrata,public_outside
Penaeus aztecus,Farfantepenaeus aztecus,public_outside
Penaeus aztecus,Penaeus aztecus,public_outside
Penaeus brasiliensis,Farfantepenaeus brasiliensis,public_outside
Penaeus brasiliensis,Penaeus brasiliensis,private
Penaeus californiensis,Farfantepenaeus californiensis,public_outside
Penaeus duorarum,Farfantepenaeus duorarum,private
Penaeus duorarum,Penaeus duorarum,private
Penaeus monodon,Penaeus monodon,public_outside
Penaeus notialis,Farfantepenaeus notialis,public_outside
Penaeus schmitti,Litopenaeus schmitti,private
Penaeus subtilis,Farfantepenaeus subtilis,public_outside
Periclimenes rathbunae,Periclimenes rathbunae,public_outside
Periclimenes yucatanicus,Periclimenes yucatanicus,public_outside
Persephona lichtensteinii,Persephona lichtensteinii,public_inside
Petrochirus diogenes,Petrochirus diogenes,private
Petrolisthes armatus,Petrolisthes armatus,public_outside
Petrolisthes caribensis,Petrolisthes caribensis,public_outside
Petrolisthes galathinus,Petrolisthes galathinus,public_outside
Phimochirus holthuisi,Phimochirus holthuisi,private
Phimochirus operculatus,Phimochirus operculatus,private
Phronima atlantica,Phronima atlantica,private
Phronimella elongata,Phronimella elongata,public_outside
Pilumnus caribaeus,Pilumnus caribaeus,public_outside
Pilumnus dasypodus,Pilumnus dasypodus,private
Pilumnus floridanus,Pilumnus floridanus,public_outside
Pilumnus sayi,Pilumnus sayi,private
Pitho lherminieri,Pitho lherminieri,public_outside
Platylambrus granulatus,Platylambrus granulatus,public_outside
Platypodiella spectabilis,Platypodiella spectabilis,public_outside
Pleoticus robustus,Pleoticus robustus,public_outside
Pleuromamma abdominalis,Pleuromamma abdominalis,public_outside
Pleuromamma gracilis,Pleuromamma gracilis,public_outside
Podochela macrodera,Podochela macrodera,private
Polycheles typhlops,Polycheles typhlops,public_outside
Pontellina plumata,Pontellina plumata,public_outside
Pontellopsis villosa,Pontellopsis villosa,private
Porcellana sayana,Porcellana sayana,private
Portunus anceps,Portunus anceps,private
Portunus gibbesii,Portunus gibbesii,public_outside
Portunus sayi,Portunus sayi,public_outside
Processa hemphilli,Processa hemphilli,private
Pseudevadne tergestina,Pseudevadne tergestina,public_outside
Pseudorhombila quadridentata,Pseudorhombila quadridentata,public_outside
Pseudosquilla ciliata,Pseudosquilla ciliata,public_outside
Pseudosquillisma adiastalta,Pseudosquillisma adiastalta,private
Pseudosquillisma oculata,Pseudosquillisma oculata,public_outside
Pylopagurus pattiae,Pylopagurus pattiae,private
Ranilia muricata,Ranilia muricata,private
Rhincalanus cornutus,Rhincalanus cornutus,public_outside
Rimapenaeus constrictus,Rimapenaeus constrictus,public_outside
Rimapenaeus similis,Rimapenaeus similis,private
Robustosergia regalis,Robustosergia regalis,private
Robustosergia regalis,Robustosergia regalis,private
Rochinia crassa,Rochinia crassa,private
Sapphirina angusta,Sapphirina angusta,public_outside
Sapphirina scarlata,Sapphirina scarlata,private
Scolecithrix danae,Scolecithrix danae,public_outside
Scyllarus americanus,Scyllarus americanus,public_outside
Scyllarus chacei,Scyllarus chacei,public_outside
Scyllarus depressus,Scyllarus depressus,public_outside
Sicyonia laevigata,Sicyonia laevigata,private
Sicyonia stimpsoni,Sicyonia stimpsoni,private
Sicyonia typica,Sicyonia typica,private
Solenocera atlantidis,Solenocera atlantidis,private
Spathapagurus longimanus,Spathapagurus longimanus,private
Squilla discors,Squilla discors,private
Squilla empusa,Squilla empusa,public_outside
Squilla rugosa,Squilla rugosa,public_outside
Stenopus hispidus,Stenopus hispidus,public_outside
Stenopus scutellatus,Stenopus scutellatus,private
Stenorhynchus seticornis,Stenorhynchus seticornis,public_outside
Stenorhynchus yangi,Stenorhynchus yangi,private
Stenothoe valida,Stenothoe valida,private
Stereomastis nana,Stereomastis nana,public_outside
Stylocheiron carinatum,Stylocheiron carinatum,public_outside
Stylopandalus richardi,Stylopandalus richardi,public_outside
Subeucalanus monachus,Eucalanus monachus,private
Subeucalanus monachus,Subeucalanus monachus,public_outside
Subeucalanus pileatus,Subeucalanus pileatus,public_outside
Subeucalanus subcrassus,Subeucalanus subcrassus,public_outside
Subeucalanus subtenuis,Eucalanus subtenuis,public_outside
Subeucalanus subtenuis,Subeucalanus subtenuis,public_outside
Sympagurus pictus,Sympagurus pictus,private
Synalpheus goodei,Synalpheus goodei,public_outside
Synalpheus herricki,Synalpheus herricki,private
Synalpheus longicarpus,Synalpheus longicarpus,public_outside
Synalpheus minus,Synalpheus minus,public_outside
Synalpheus pandionis,Synalpheus pandionis,public_outside
Synalpheus paraneptunus,Synalpheus paraneptunus,public_outside
Synalpheus sanctithomae,Synalpheus sanctithomae,private
Synalpheus townsendi,Synalpheus townsendi,private
Systellaspis cristata,Systellaspis cristata,private
Systellaspis debilis,Systellaspis debilis,public_outside
Teleophrys cristulipes,Teleophrys cristulipes,private
Teleophrys ruber,Teleophrys ruber,public_outside
Temora stylifera,Temora stylifera,public_outside
Temora turbinata,Temora turbinata,public_outside
Thoe puella,Thoe puella,private
Thor amboinensis,Thor amboinensis,public_outside
Thor manningi,Thor manningi,private
Tozeuma carolinense,Tozeuma carolinense,public_outside
Trachypenaeopsis mobilispinis,Trachypenaeopsis mobilispinis,public_inside
Trapezia bidentata,Trapezia bidentata,public_outside
Trapezia digitalis,Trapezia digitalis,private
Trichopeltarion nobile,Trichopeltarion nobile,public_outside
Triconia minuta,Triconia minuta,public_outside
Undinula vulgaris,Undinula vulgaris,public_outside
Upogebia affinis,Upogebia affinis,private
Xiphopenaeus kroyeri,Xiphopenaeus kroyeri,private
