Abyssocucumis abyssorum,Staurocucumis abyssorum,public_outside
Abyssocucumis abyssorum,Abyssocucumis abyssorum,public_outside
Actinopyga agassizii,Actinopyga agassizi,public_outside
Actinopyga agassizii,Actinopyga agassizii,private
Amphichondrius granulatus,Amphichondrius granulatus,private
Amphigymnas bahamensis,Amphigymnas bahamensis,private
Amphilimna olivacea,Amphilimna olivacea,private
Aporocidaris milleri,Aporocidaris milleri,public_outside
Asterinides folium,Asterinides folium,public_outside
Asteroschema oligactes,Asteroschema oligactes,public_outside
Astrolirus panamensis,Astrolirus panamensis,private
Astropecten alligator,Astropecten alligator,private
Astropecten americanus,Astropecten americanus,private
Astropecten antillensis,Astropecten antillensis,private
Astropecten armatus,Astropecten armatus,public_outside
Astropecten articulatus,Astropecten articulatus,public_outside
Astropecten cingulatus,Astropecten cingulatus,private
Astropecten duplicatus,Astropecten duplicatus,public_outside
Astropecten marginatus,Astropecten marginatus,private
Astropecten nitidus,Astropecten nitidus,private
Astrophyton muricatum,Astrophyton muricatum,public_outside
Astropyga magnifica,Astropyga magnifica,public_outside
Astropyga pulvinata,Astropyga pulvinata,public_outside
Bathypectinura heros,Bathypectinura heros,public_outside
Bathyplotes natans,Bathyplotes pourtalesii,private
Bathyplotes natans,Bathyplotes natans,private
Benthodytes sanguinolenta,Benthodytes sanguinolenta,public_outside
Benthodytes typica,Benthodytes typica,private
Brissopsis atlantica,Brissopsis atlantica,public_outside
Centrostephanus longispinus,Centrostephanus longispinus,private
Clypeaster euclastus,Clypeaster euclastus,private
Clypeaster rosaceus,Clypeaster rosaceus,public_outside
Clypeaster subdepressus,Clypeaster subdepressum,private
Clypeaster subdepressus,Clypeaster subdepressus,public_outside
Coelopleurus floridanus,Coelopleurus floridianus,private
Comactinia echinoptera,Comactinia echinoptera,public_outside
Comactinia meridionalis,Comactinia meridionalis,public_outside
Comissia venustus,Leptonemaster venustus,private
Conolampas sigsbei,Conolampas sigsbei,public_outside
Crinometra brevipinna,Crinometra brevipinna,public_outside
Davidaster discoideus,Davidaster discoideus,public_outside
Davidaster rubiginosus,Davidaster rubiginosus,public_outside
Democrinus brevis,Democrinus brevis,private
Diadema antillarum,Diadema antillarum,public_outside
Diadema mexicanum,Diadema mexicanum,public_outside
Echinocyamus grandiporus,Echinocyamus grandiporus,private
Echinometra lucunter,Echinometra lucunter,public_outside
Echinometra vanbrunti,Echinometra vanbrunti,public_outside
Echinometra viridis,Echinometra viridis,public_outside
Echinoneus cyclostomus,Echinoneus cyclostomus,public_outside
Encope michelini,Encope michelini,public_outside
Enypniastes eximia,Enypniastes eximia,public_outside
Eremicaster pacificus,Eremicaster pacificus,public_outside
Euapta lappa,Euapta lappa,public_outside
Eucidaris thouarsii,Eucidaris thouarsii,public_outside
Eucidaris tribuloides,Eucidaris tribuloides,public_outside
Genocidaris maculata,Genocidaris maculata,public_outside
Goniaster tessellatus,Goniaster tessellatus,private
Heterobrissus hystrix,Archaeopneustes hystrix,public_outside
Isostichopus badionotus,Isostichopus badionotus,public_outside
Isostichopus fuscus,Isostichopus fuscus,public_outside
Labidodemas maccullochi,Labidodemas maccullochi,private
Leodia sexiesperforata,Leodia sexiesperforata,public_outside
Linckia columbiae,Linckia columbiae,public_outside
Linckia guildingi,Linckia guildingi,public_outside
Linopneustes longispinus,Linopneustes longispinus,public_outside
Luidia alternata,Luidia alternata,private
Luidia clathrata,Luidia clathrata,public_outside
Luidia senegalensis,Luidia senegalensis,private
Lytechinus variegatus,Lytechinus variegatus,public_outside
Lytechinus williamsi,Lytechinus williamsi,public_outside
Mellita quinquiesperforata,Mellita quinquiesperforata,public_outside
Meoma ventricosa,Meoma ventricosa,public_outside
Microphiopholis atra,Microphiopholis atra,private
Moira atropos,Moira atropos,private
Molpadia borealis,Molpadia borealis,public_outside
Molpadia musculus,Molpadia musculus,public_outside
Monachocrinus caribbeus,Monachocrinus caribbeus,public_outside
Narcissia trigonaria,Narcissia trigonaria,private
Nemaster grandis,Nemaster grandis,public_outside
Neocomatella pulchella,Neocomatella pulchella,public_outside
Nidorellia armata,Nidorellia armata,public_outside
Nymphaster arenatus,Nymphaster arenatus,private
Oneirophanta setigera,Oneirophanta setigera,private
Ophiacantha bidentata,Ophiacantha bidentata,public_outside
Ophiactis algicola,Ophiactis algicola,public_outside
Ophiactis profundi,Ophiactis profundi,public_outside
Ophiactis savignyi,Ophiactis savignyi,public_outside
Ophidiaster guildingi,Ophidiaster guildingi,private
Ophiocoma echinata,Ophiocoma echinata,public_outside
Ophiocoma pumila,Ophiocoma pumila,private
Ophiocoma wendtii,Ophiocoma wendtii,public_outside
Ophiocten hastatum,Ophiocten hastatum,public_outside
Ophioderma appressa,Ophioderma appressa,public_outside
Ophioderma brevicauda,Ophioderma brevicauda,private
Ophioderma brevispina,Ophioderma brevispina,private
Ophioderma cinerea,Ophioderma cinerea,public_outside
Ophioderma guttata,Ophioderma guttata,private
Ophioderma panamensis,Ophioderma panamensis,public_outside
Ophioderma rubicunda,Ophioderma rubicunda,private
Ophiolepis elegans,Ophiolepis elegans,public_outside
Ophiolepis impressa,Ophiolepis impressa,public_outside
Ophiolepis paucispina,Ophiolepis paucispina,public_outside
Ophiomusa lymani,Ophiomusium lymani,public_outside
Ophiomyxa flaccida,Ophiomyxa flaccida,private
Ophionereis annulata,Ophionereis annulata,public_outside
Ophionereis olivacea,Ophionereis olivacea,public_outside
Ophionereis reticulata,Ophionereis reticulata,public_outside
Ophiophragmus filograneus,Ophiophragmus filograneus,private
Ophiosphalma glabrum,Ophiomusium glabrum,public_outside
Ophiosphalma glabrum,Ophiosphalma fimbriatum,public_outside
Ophiosphalma jolliense,Ophiosphalma jolliense,public_outside
Ophiothrix lineata,Ophiothrix lineata,public_outside
Oreaster reticulatus,Oreaster reticulatus,public_outside
Paleopneustes cristatus,Paleopneustes cristatus,public_outside
Paleopneustes tholoformis,Paleopneustes tholoformis,private
Pawsonaster parvus,Tosia parva,private
Pawsonaster parvus,Pawsonaster parvus,private
Pectinaster agassizi,Pectinaster agassizi,public_outside
Phataria unifascialis,Phataria unifascialis,public_outside
Pseudarchaster gracilis,Pseudarchaster gracilis,private
Psychropotes longicauda,Psychropotes longicauda,private
Pteraster rugosus,Pteraster rugosus,private
Salenocidaris varispina,Salenia varispina,private
Schizaster doederleini,Paraster doederleini,public_outside
Stephanasterias albula,Stephanasterias albula,public_outside
Stylocidaris affinis,Stylocidaris affinis,private
Stylocidaris lineata,Stylocidaris lineata,private
Synaptula hydriformis,Synaptula hydriformis,private
Tethyaster grandis,Tethyaster grandis,private
Toxopneustes roseus,Toxopneustes roseus,public_outside
Trichometra cubensis,Trichometra cubensis,public_outside
Tripneustes ventricosus,Tripneustes ventricosus,private
Tropiometra carinata,Tropiometra carinata,public_outside
