Abra aequalis,Abra aequalis,private
Abra longicallus,Abra longicallus,public_outside
Acanthochitona pygmaea,Acanthochitona pygmaea,public_outside
Acanthopleura granulata,Acanthopleura granulata,public_outside
Acharax johnsoni,Acharax johnsoni,public_outside
Alaba incerta,Alaba incerta,public_outside
Ameritella versicolor,Tellina versicolor,private
Ameritella versicolor,Ameritella versicolor,public_outside
Amphioctopus burryi,Amphioctopus burryi,private
Amygdalum politum,Amygdalum politum,public_outside
Anachis lyrata,Anachis lyrata,public_outside
Anadara brasiliana,Anadara brasiliana,public_outside
Anadara tuberculosa,Anadara tuberculosa,private
Anomia peruviana,Anomia simplex,public_outside
Antillophos candeanus,Antillophos candeanus,public_outside
Antillophos veraguensis,Antillophos veraguensis,private
Aphera tessellata,Aphera tessellata,public_outside
Aplysia fasciata,Aplysia fasciata,public_outside
Arca imbricata,Arca imbricata,public_outside
Arca mutabilis,Arca mutabilis,public_outside
Arcopsis adamsi,Arcopsis adamsi,public_outside
Arcopsis solida,Arcopsis solida,public_outside
Arene cruentata,Arene cruentata,public_outside
Argonauta argo,Argonauta argo,public_outside
Argonauta argo,Argonauta argo,public_outside
Argonauta argo,Argonauta argo,public_outside
Argonauta argo,Argonauta argo,public_outside
Argonauta hians,Argonauta hians,private
Argonauta nouryi,Argonauta nouryi,private
Argonauta nouryi,Argonauta nouryi,private
Argonauta nouryi,Argonauta nouryi,private
Argopecten gibbus,Argopecten gibbus,private
Asaphis deflorata,Asaphis deflorata,public_outside
Assiminea succinea,Assiminea succinea,public_outside
Astyris lunata,Astyris lunata,private
Atlanta peronii,Oxygyrus keraudrenii,public_outside
Atlanta peronii,Atlanta peronii,public_outside
Atrina maura,Atrina maura,private
Babelomurex dalli,Latiaxis dalli,private
Barbatia candida,Barbatia candida,public_outside
Barbatia domingensis,Barbatia domingensis,public_outside
Barbatia reeveana,Barbatia reeveana,public_outside
Berthellina ilisima,Berthellina ilisima,private
Bittiolum varium,Bittium varium,private
Bittiolum varium,Bittiolum varium,public_outside
Bivetiella pulchra,Bivetiella pulchra,public_outside
Bornella calcarata,Bornella calcarata,public_outside
Bostrycapulus aculeatus,Crepidula aculeata,private
Bostrycapulus aculeatus,Crepidula gravispinosa,public_outside
Bostrycapulus aculeatus,Bostrycapulus aculeatus,public_outside
Brachidontes domingensis,Brachidontes domingensis,private
Brachidontes exustus,Brachidontes exustus,public_outside
Brachidontes modiolus,Brachidontes modiolus,public_inside
Bulla gouldiana,Bulla gouldiana,public_outside
Bulla punctulata,Bulla punctulata,public_outside
Bulla striata,Bulla striata,public_outside
Bursa calcipicta,Bursa calcipicta,private
Bursa corrugata,Bursa corrugata,private
Californiconus californicus,Conus californicus,public_outside
Californiconus californicus,Californiconus californicus,public_outside
Calliostoma javanicum,Calliostoma javanicum,public_outside
Calliostoma jujubinum,Calliostoma jujubinum,public_outside
Cancellaria albida,Cancellaria albida,public_outside
Cancellaria indentata,Cancellaria indentata,public_outside
Capulus ungaricus,Capulus hungaricus,private
Capulus ungaricus,Capulus ungaricus,public_outside
Caribachlamys pellucens,Caribachlamys pellucens,private
Caribachlamys sentis,Caribachlamys sentis,private
Casmaria erinaceus,Casmaria erinaceus,public_outside
Cassis flammea,Cassis flammea,public_outside
Cassis madagascariensis,Cassis madagascariensis,public_outside
Cavolinia gibbosa,Cavolinia flava,public_outside
Cavolinia gibbosa,Cavolinia gibbosa,public_outside
Cavolinia tridentata,Cavolinia tridentata,public_outside
Cavolinia uncinata,Cavolinia uncinata,public_outside
Cenchritis muricatus,Cenchritis muricatus,public_outside
Cerithideopsis californica,Cerithidea californica,public_outside
Cerithideopsis californica,Cerithidea mazatlanica,public_outside
Cerithideopsis californica,Cerithidea valida,public_outside
Cerithideopsis pliculosa,Cerithidea pliculosa,public_outside
Cerithideopsis pulchra,Cerithidea pulchra,public_outside
Cerithiopsis greenii,Cerithiopsis greenii,private
Cerithium adustum,Cerithium adustum,public_outside
Cerithium atratum,Cerithium atratum,public_outside
Cerithium eburneum,Cerithium eburneum,public_outside
Cerithium gemmatum,Cerithium gemmatum,public_outside
Cerithium litteratum,Cerithium litteratum,public_outside
Cerithium lutosum,Cerithium lutosum,public_outside
Cerithium muscarum,Cerithium muscarum,public_outside
Cerithium nicaraguense,Cerithium nicaraguense,public_outside
Cerithium uncinatum,Cerithium uncinatum,public_outside
Chaetopleura apiculata,Chaetopleura apiculata,public_outside
Chama congregata,Chama congregata,private
Chama macerophylla,Chama macerophylla,private
Charonia variegata,Charonia variegata,public_outside
Cheilea equestris,Cheilea equestris,public_outside
Chione cancellata,Chione cancellata,public_outside
Chione subimbricata,Chione subimbricata,public_outside
Chionopsis intapurpurea,Puberella intapurpurea,public_outside
Chiton marmoratus,Chiton marmoratus,private
Chiton tuberculatus,Chiton tuberculatus,public_outside
Choneplax lata,Choneplax lata,private
Cittarium pica,Cittarium pica,public_outside
Clathrolucina costata,Codakia costata,private
Clio pyramidata,Clio pyramidata,public_outside
Cocculina messingi,Cocculina messingi,public_outside
Columbella mercatoria,Columbella mercatoria,public_outside
Conasprella arcuata,Conus arcuatus,public_outside
Conasprella jaspidea,Conus jaspideus,public_outside
Conasprella jaspidea,Conus sulcatus,public_outside
Conasprella mindana,Conus mindanus,public_outside
Conasprella puncticulata,Conus puncticulatus,public_outside
Conasprella ximenes,Conus ximenes,public_outside
Conus amphiurgus,Conus amphiurgus,public_outside
Conus archon,Conus archon,public_outside
Conus brunneus,Conus brunneus,public_outside
Conus cancellatus,Conus cancellatus,public_outside
Conus dalli,Conus dalli,public_outside
Conus daucus,Conus sanguinolentus,public_outside
Conus daucus,Conus daucus,public_outside
Conus diadema,Conus diadema,public_outside
Conus ebraeus,Conus ebraeus,public_outside
Conus ermineus,Conus ermineus,public_outside
Conus mus,Conus mus,public_outside
Conus nux,Conus nux,public_outside
Conus poormani,Conus poormani,public_outside
Conus princeps,Conus regius,public_outside
Conus princeps,Conus princeps,public_outside
Conus purpurascens,Conus purpurascens,public_outside
Conus recurvus,Conus recurvus,public_outside
Conus spurius,Conus spurius,public_outside
Conus villepinii,Conus villepinii,public_outside
Conus virgatus,Conus virgatus,public_outside
Conus vittatus,Conus vittatus,public_outside
Coralliophila caribaea,Coralliophila caribaea,public_outside
Coralliophila monodonta,Coralliophila madreporarum,private
Coralliophila monodonta,Quoyula madreporarum,public_outside
Coralliophila monodonta,Quoyula monodonta,public_outside
Coralliophila monodonta,Coralliophila monodonta,private
Costoanachis sparsa,Costoanachis sparsa,public_outside
Crassinella lunulata,Crassinella lunulata,private
Crassostrea rhizophorae,Crassostrea rhizophorae,public_outside
Crepidula convexa,Crepidula convexa,public_outside
Crepidula onyx,Crepidula onyx,public_outside
Crepidula plana,Crepidula plana,public_outside
Creseis clava,Creseis acicula,public_outside
Creseis clava,Creseis clava,public_outside
Crucibulum lignarium,Crucibulum lignarium,public_outside
Crucibulum scutellatum,Crucibulum scutellatum,public_outside
Crucibulum spinosum,Crucibulum spinosum,public_outside
Ctena orbiculata,Codakia orbiculata,public_outside
Ctenoides scaber,Ctenoides scaber,public_outside
Cuvierina columnella,Cuvierina columnella,public_outside
Cyclinella tenuis,Cyclinella tenuis,private
Cyphoma gibbosum,Cyphoma signatum,private
Cyphoma gibbosum,Cyphoma gibbosum,public_outside
Cypraecassis testiculus,Cypraecassis testiculus,public_outside
Dendostrea frons,Lopha frons,private
Dendostrea frons,Dendostrea frons,public_outside
Dendrodoris krebsii,Dendrodoris krebsii,private
Dendropoma corrodens,Dendropoma corrodens,public_outside
Diacavolinia longirostris,Cavolinia longirostris,public_outside
Diacavolinia longirostris,Diacavolinia longirostris,public_outside
Diacavolinia strangulata,Diacavolinia atlantica,private
Diacavolinia strangulata,Diacavolinia elegans,public_outside
Diacavolinia strangulata,Diacavolinia strangulata,private
Diacria major,Diacria major,public_outside
Diacria trispinosa,Diacria rampali,public_outside
Diacria trispinosa,Diacria trispinosa,public_outside
Diodora cayenensis,Diodora cayenensis,public_outside
Diodora dysoni,Diodora dysoni,public_outside
Diodora listeri,Diodora listeri,public_outside
Distorsio clathrata,Distorsio clathrata,public_outside
Distorsio constricta,Distorsio constricta,public_outside
Distorsio decussata,Distorsio decussata,private
Dolabrifera dolabrifera,Dolabrifera dolabrifera,public_outside
Donax asper,Donax asper,public_outside
Dondice occidentalis,Dondice occidentalis,public_outside
Doryteuthis pleii,Doryteuthis pleii,public_outside
Echinolittorina angustior,Nodilittorina angustior,private
Echinolittorina angustior,Echinolittorina angustior,public_outside
Echinolittorina aspera,Echinolittorina aspera,public_outside
Echinolittorina conspersa,Echinolittorina conspersa,public_outside
Echinolittorina dubiosa,Echinolittorina dubiosa,public_outside
Echinolittorina meleagris,Nodilittorina meleagris,private
Echinolittorina meleagris,Echinolittorina meleagris,public_outside
Echinolittorina modesta,Nodilittorina modesta,private
Echinolittorina modesta,Echinolittorina modesta,public_outside
Echinolittorina peruviana,Nodilittorina peruviana,private
Echinolittorina peruviana,Echinolittorina peruviana,public_outside
Echinolittorina tenuistriata,Echinolittorina tenuistriata,public_outside
Echinolittorina tuberculata,Echinolittorina tuberculata,public_outside
Echinolittorina ziczac,Nodilittorina ziczac,private
Echinolittorina ziczac,Echinolittorina ziczac,public_outside
Elysia crispata,Elysia crispata,public_outside
Elysia diomedea,Elysia diomedea,public_outside
Elysia ornata,Elysia ornata,public_outside
Engina turbinella,Engina zonata,private
Ennucula tenuis,Nucula tenuis,private
Ennucula tenuis,Ennucula tenuis,public_outside
Entemnotrochus adansonianus,Entemnotrochus adansonianus,private
Enteroctopus dofleini,Enteroctopus dofleini,public_outside
Eoacmaea pustulata,Patelloida pustulata,public_outside
Eoacmaea pustulata,Eoacmaea pustulata,public_outside
Epitonium replicatum,Epitonium replicatum,public_outside
Ervilia nitens,Ervilia subcancellata,private
Eudolium bairdii,Eudolium bairdii,public_outside
Eudolium crosseanum,Eudolium crosseanum,public_outside
Eulithidium pulloides,Eulithidium pulloides,private
Fasciolaria tulipa,Fasciolaria tulipa,public_outside
Favartia alveata,Favartia alveata,public_outside
Favartia erosa,Favartia erosa,public_outside
Felimida binza,Felimida britoi,public_outside
Felimida binza,Felimida binza,public_outside
Ficus ficus,Ficus communis,private
Ficus ficus,Ficus ficus,public_outside
Ficus ventricosa,Ficus ventricosa,private
Fissurella barbadensis,Fissurella barbadensis,public_outside
Fissurella nodosa,Fissurella nodosa,public_outside
Fugleria tenera,Barbatia tenera,public_outside
Fusinus spectrum,Fusinus spectrum,private
Fusiturricula enae,Fusiturricula enae,public_outside
Gemma gemma,Gemma gemma,public_outside
Gemmula hindsiana,Gemmula hindsiana,public_outside
Gemmula periscelida,Gemmula periscelida,public_outside
Glaucus atlanticus,Glaucus atlanticus,public_outside
Glycymeris decussata,Glycymeris decussata,private
Gouldia cerina,Gouldia cerina,private
Graptacme eborea,Graptacme eborea,public_outside
Haminoea succinea,Haminoea succinea,private
Hastula hastata,Hastula hastata,public_outside
Heliconoides inflatus,Atlanta inflata,public_outside
Heliconoides inflatus,Limacina inflata,public_outside
Heliconoides inflatus,Heliconoides inflatus,public_outside
Hemipolygona mcgintyi,Hemipolygona mcgintyi,public_outside
Hemitoma octoradiata,Hemitoma octoradiata,public_outside
Hindsiclava alesidota,Hindsiclava alesidota,public_outside
Hipponix panamensis,Hipponix panamensis,private
Hirtomurex squamosus,Coralliophila squamosa,private
Histioteuthis corona,Histioteuthis corona,private
Illex coindetii,Illex coindetii,public_outside
Isognomon alatus,Isognomon alatus,public_outside
Isognomon bicolor,Isognomon bicolor,private
Isognomon radiatus,Isognomon radiatus,private
Janthina janthina,Janthina janthina,public_outside
Jenneria pustulata,Jenneria pustulata,public_outside
Kalolophus antillarum,Eucrassatella digueti,private
Laevicardium pictum,Laevicardium pictum,public_outside
Lamellaria perspicua,Lamellaria perspicua,public_outside
Leiosolenus aristatus,Lithophaga aristata,private
Leucosyrinx verrillii,Leucosyrinx verrillii,public_outside
Leucozonia cerata,Leucozonia cerata,public_outside
Leucozonia nassa,Leucozonia nassa,public_outside
Leucozonia ocellata,Leucozonia ocellata,public_outside
Lima lima,Lima vulgaris,private
Lima lima,Lima lima,public_outside
Limaria pacifica,Limaria pacifica,private
Limaria pellucida,Lima pellucida,private
Limaria pellucida,Limaria pellucida,private
Lithophaga nigra,Lithophaga nigra,public_outside
Lithopoma caelatum,Lithopoma caelatum,public_outside
Lithopoma phoebium,Lithopoma phoebium,public_outside
Lithopoma tuber,Lithopoma tuber,public_outside
Litiopa melanostoma,Litiopa melanostoma,public_outside
Littoraria angulifera,Littoraria angulifera,public_outside
Littoraria flava,Littoraria flava,public_outside
Littoraria nebulosa,Littoraria nebulosa,public_outside
Littoraria tessellata,Littoraria tessellata,public_outside
Littoraria zebra,Littoraria zebra,public_outside
Lobatus costatus,Strombus costatus,public_outside
Lobatus galeatus,Strombus galeatus,public_outside
Lobatus gallus,Strombus gallus,public_outside
Lobatus gigas,Strombus gigas,public_outside
Lobatus peruvianus,Strombus peruvianus,public_outside
Lobatus raninus,Strombus raninus,public_outside
Lolliguncula panamensis,Lolliguncula panamensis,public_outside
Lottia antillarum,Lottia antillarum,public_outside
Lottia mesoleuca,Lottia mesoleuca,public_outside
Lucapina suffusa,Lucapina suffusa,public_outside
Lucina pensylvanica,Lucina pensylvanica,public_outside
Lunarca ovalis,Anadara ovalis,public_outside
Lunarca ovalis,Lunarca ovalis,private
Luria cinerea,Luria cinerea,public_outside
Luria isabellamexicana,Luria isabellamexicana,public_outside
Lyonsia floridana,Lyonsia floridana,public_outside
Macoploma tenta,Macoma tenta,private
Macrocypraea cervinetta,Cypraea cervinetta,public_outside
Macrocypraea cervinetta,Macrocypraea cervinetta,public_outside
Macrocypraea zebra,Macrocypraea zebra,public_outside
Macrotritopus defilippi,Macrotritopus defilippi,private
Malleus candeanus,Malleus candeanus,private
Malleus regula,Malleus decurtatus,private
Malleus regula,Pinna saccata,public_outside
Malleus regula,Malleus regula,private
Marshallora nigrocincta,Marshallora nigrocincta,private
Martesia cuneiformis,Martesia cuneiformis,private
Martesia striata,Martesia striata,public_outside
Megapitaria maculata,Macrocallista maculata,private
Melampus coffea,Melampus coffeus,public_outside
Melampus monile,Melampus monile,public_outside
Melongena melongena,Melongena melongena,public_outside
Metula amosi,Metula amosi,public_outside
Microgaza rotella,Microgaza rotella,public_outside
Modulus modulus,Modulus modulus,public_outside
Monoplex krebsii,Monoplex krebsii,public_outside
Monoplex pilearis,Cymatium pileare,public_outside
Monoplex pilearis,Monoplex pilearis,public_outside
Monoplex vestitus,Cymatium vestitum,private
Montfortia emarginata,Hemitoma emarginata,private
Morula nodulosa,Trachypollia nodulosa,public_outside
Morula nodulosa,Morula nodulosa,public_outside
Mulinia pallida,Mulinia pallida,private
Musculus lateralis,Musculus lateralis,private
Mytella guyanensis,Mytella guyanensis,private
Mytilopsis sallei,Mytilopsis sallei,public_outside
Naria acicularis,Erosaria acicularis,public_outside
Naria albuginosa,Erosaria albuginosa,public_outside
Naria cernica,Erosaria cernica,public_outside
Neotiara lens,Mitra lens,public_outside
Neotiara nodulosa,Mitra nodulosa,private
Nerita funiculata,Nerita funiculata,public_outside
Nerita peloronta,Nerita peloronta,public_outside
Nerita plicata,Nerita plicata,public_outside
Nerita scabricosta,Nerita scabricosta,public_outside
Nerita tessellata,Nerita tessellata,public_outside
Nerita versicolor,Nerita versicolor,public_outside
Neritina virginea,Vitta virginea,public_outside
Neritina virginea,Neritina virginea,public_outside
Notocrater houbricki,Notocrater houbricki,public_outside
Nuculana acuta,Nuculana acuta,private
Nuculana costellata,Nuculana costellata,private
Octopus bimaculatus,Octopus bimaculatus,public_outside
Octopus briareus,Octopus briareus,public_outside
Octopus joubini,Octopus joubini,public_outside
Octopus vulgaris,Octopus vulgaris,public_outside
Olivella minuta,Olivella minuta,private
Olivella olssoni,Olivella olssoni,private
Olivella semistriata,Olivella semistriata,private
Olivella volutella,Olivella volutella,public_outside
Onustus caribaeus,Onustus caribaeus,private
Opeatostoma pseudodon,Opeatostoma pseudodon,public_outside
Ornithoteuthis antillarum,Ornithoteuthis antillarum,private
Ostrea conchaphila,Ostrea conchaphila,public_outside
Ostrea stentina,Ostrea aupouria,public_outside
Ostrea stentina,Ostreola equestris,public_inside
Ostrea stentina,Ostreola stentina,public_outside
Ostrea stentina,Ostrea stentina,public_outside
Oxymeris strigata,Acus strigatus,public_outside
Oxymeris strigata,Oxymeris strigata,public_outside
Papyridea semisulcata,Papyridea semisulcata,private
Parvanachis obesa,Parvanachis obesa,public_outside
Persististrombus granulatus,Strombus granulatus,public_outside
Petricola lapicida,Petricola lapicida,public_outside
Phidiana lynceus,Phidiana lynceus,public_outside
Pholidoteuthis adami,Pholidoteuthis adami,public_outside
Phrontis hotessieriana,Phrontis hotessieriana,public_outside
Phrontis nassiformis,Phrontis nassiformis,public_outside
Phrontis versicolor,Phrontis versicolor,public_outside
Phrontis vibex,Nassarius vibex,public_outside
Phrontis vibex,Phrontis vibex,public_outside
Phyllonotus pomum,Phyllonotus pomum,public_outside
Pilosabia trigona,Pilosabia trigona,public_outside
Pilsbryspira albocincta,Pilsbryspira albocincta,private
Pinctada imbricata,Pinctada martensi,public_outside
Pinctada imbricata,Pinctada imbricata,public_outside
Pinna carnea,Pinna carnea,public_outside
Pisania pusio,Pisania pusio,private
Pitar fulminatus,Pitar fulminatus,public_outside
Planaxis planicostatus,Planaxis planicostatus,private
Pleurobranchaea inconspicua,Pleurobranchaea inconspicua,public_outside
Pleurobranchus areolatus,Pleurobranchus areolatus,public_outside
Plicopurpura columellaris,Plicopurpura pansa,public_outside
Plicopurpura columellaris,Plicopurpura columellaris,public_outside
Plicopurpura patula,Plicopurpura patula,public_outside
Pliocardia ponderosa,Calyptogena ponderosa,public_outside
Pliocardia ponderosa,Pliocardia ponderosa,public_outside
Polinices lacteus,Polinices lacteus,public_outside
Polinices uber,Polinices uber,public_outside
Polygona concentrica,Latirus concentricus,private
Polygona infundibulum,Polygona infundibulum,public_outside
Polystira albida,Polystira albida,public_inside
Polystira nobilis,Polystira nobilis,public_outside
Polystira oxytropis,Polystira oxytropis,public_outside
Polystira picta,Polystira picta,public_outside
Polystira tellea,Polystira tellea,public_inside
Pseudochama cristella,Pseudochama radians,private
Pseudozonaria annettae,Pseudozonaria annettae,public_outside
Pseudozonaria arabicula,Pseudozonaria arabicula,public_outside
Pseudozonaria nigropunctata,Pseudozonaria nigropunctata,public_outside
Pseudozonaria robertsi,Pseudozonaria robertsi,public_outside
Pteria sterna,Pteria sterna,public_outside
Pustulatirus mediamericanus,Latirus mediamericanus,private
Pustulatirus praestantior,Latirus praestantior,private
Pustulatirus praestantior,Pustulatirus praestantior,public_outside
Pusula pediculus,Pusula pediculus,public_outside
Pyramidella dolabrata,Pyramidella dolabrata,public_outside
Saccostrea palmula,Saccostrea palmula,public_outside
Scaphander darius,Scaphander darius,public_outside
Scaphander watsoni,Scaphander watsoni,public_outside
Sepioteuthis sepioidea,Sepioteuthis sepioidea,public_outside
Sinum maculatum,Sinum maculatum,private
Siphonaria gigas,Siphonaria gigas,public_outside
Siphonaria pectinata,Siphonaria pectinata,public_outside
Siratus beauii,Siratus beauii,public_outside
Solemya occidentalis,Solemya occidentalis,public_outside
Sphenia fragilis,Sphenia fragilis,private
Stramonita biserialis,Stramonita biserialis,public_outside
Stramonita floridana,Stramonita floridana,public_outside
Stramonita haemastoma,Thais haemastoma,public_outside
Stramonita haemastoma,Stramonita haemastoma,public_outside
Stramonita rustica,Stramonita rustica,public_outside
Strigatella tristis,Strigatella tristis,private
Striostrea prismatica,Striostrea prismatica,public_outside
Strombus pugilis,Strombus pugilis,public_outside
Supplanaxis nucleus,Planaxis nucleus,private
Supplanaxis nucleus,Supplanaxis nucleus,private
Tagelus divisus,Tagelus divisus,private
Tagelus plebeius,Tagelus plebeius,public_outside
Talostolida teres,Cypraea teres,public_outside
Talostolida teres,Talostolida teres,public_outside
Tectonatica pusilla,Tectonatica pusilla,private
Tegula excavata,Tegula excavata,private
Tegula fasciata,Tegula fasciata,public_outside
Tegula lividomaculata,Tegula lividomaculata,public_outside
Tegula viridula,Tegula viridula,public_outside
Terebra argosyia,Terebra argosyia,public_outside
Terebra ornata,Terebra ornata,public_outside
Thaisella kiosquiformis,Thaisella kiosquiformis,public_outside
Thracia distorta,Thracia distorta,public_outside
Tiariturris spectabilis,Tiariturris spectabilis,public_outside
Tivela mactroides,Tivela mactroides,public_outside
Tonicia forbesii,Tonicia forbesii,public_outside
Tonna galea,Tonna galea,public_outside
Tremoctopus violaceus,Tremoctopus violaceus,public_outside
Triplofusus princeps,Triplofusus princeps,private
Tucetona pectinata,Glycymeris pectinata,private
Turbinella angulata,Turbinella angulata,public_outside
Tylodina fungina,Tylodina fungina,public_outside
Vasula deltoidea,Thais deltoidea,public_outside
Vasula deltoidea,Vasula deltoidea,private
Vasula melones,Vasula melones,public_outside
Vasum caestus,Vasum caestus,private
Vasum muricatum,Vasum muricatum,private
Vitularia salebrosa,Vitularia salebrosa,public_outside
Voluta musica,Voluta musica,private
Zebina browniana,Zebina browniana,public_outside
