Abyssorchomene abyssorum,Abyssorchomene abyssorum,public_outside
Acrocalanus andersoni,Acrocalanus andersoni,public_outside
Acrocalanus gibber,Acrocalanus gibber,public_outside
Acrocalanus longicornis,Acrocalanus longicornis,public_outside
Acrocalanus monachus,Acrocalanus monachus,public_outside
Aetideopsis armatus,Aetideopsis armatus,private
Aetideus bradyi,Aetideus bradyi,public_outside
Agetus flaccus,Agetus flaccus,private
Alpheus lottini,Alpheus lottini,public_outside
Alpheus paracrinitus,Alpheus paracrinitus,public_outside
Alvinocaris lusca,Alvinocaris lusca,public_outside
Amphibalanus amphitrite,Balanus amphitrite,public_outside
Amphibalanus amphitrite,Amphibalanus amphitrite,public_outside
Anchylomera blossevillei,Anchylomera blossevillei,private
Aphotopontius mammillatus,Aphotopontius mammillatus,public_outside
Arenaeus mexicanus,Arenaeus mexicanus,public_outside
Aristeus semidentatus,Aristeus semidentatus,public_outside
Bythograea galapagensis,Bythograea galapagensis,public_outside
Bythograea microps,Bythograea microps,public_outside
Bythograea thermydron,Bythograea thermydron,public_outside
Calanus chilensis,Calanus chilensis,public_outside
Caligus coryphaenae,Caligus elongatus,public_outside
Callinectes arcuatus,Callinectes arcuatus,public_outside
Calocalanus pavo,Calocalanus pavo,public_outside
Calocalanus styliremis,Calocalanus styliremis,public_outside
Candacia bispinosa,Candacia bispinosa,public_outside
Candacia catula,Candacia catula,public_outside
Candacia curta,Candacia curta,public_outside
Candacia longimana,Candacia longimana,public_outside
Candacia pachydactyla,Candacia pachydactyla,public_outside
Candacia simplex,Candacia simplex,public_outside
Candacia truncata,Candacia truncata,public_outside
Canthocalanus pauper,Canthocalanus pauper,public_outside
Centropages furcatus,Centropages furcatus,public_outside
Centropages velificatus,Centropages velificatus,private
Centropages violaceus,Centropages violaceus,public_outside
Chelonibia testudinaria,Chelonibia patula,public_outside
Chelonibia testudinaria,Chelonibia testudinaria,public_inside
Chirundina streetsii,Chirundina streetsii,private
Cirolana harfordi,Cirolana harfordi,public_outside
Clausocalanus arcuicornis,Clausocalanus arcuicornis,public_outside
Clausocalanus farrani,Clausocalanus farrani,private
Clausocalanus mastigophorus,Clausocalanus mastigophorus,public_outside
Clibanarius albidigitus,Clibanarius albidigitus,public_outside
Clibanarius lineatus,Clibanarius lineatus,public_outside
Colossendeis macerrima,Colossendeis japonica,public_outside
Colossendeis macerrima,Colossendeis macerrima,public_outside
Colossendeis minor,Colossendeis minor,private
Copidognathus papillatus,Copidognathus papillatus,private
Copilia mirabilis,Copilia mirabilis,public_outside
Corycaeus clausi,Corycaeus clausi,private
Corycaeus crassiusculus,Corycaeus crassiusculus,private
Corycaeus speciosus,Corycaeus speciosus,public_outside
Cosmocalanus darwinii,Cosmocalanus darwinii,public_outside
Dahlella caldariensis,Dahlella caldariensis,public_outside
Disseta palumbii,Disseta palumbii,public_outside
Elthusa vulgaris,Lironeca vulgaris,public_outside
Elthusa vulgaris,Elthusa vulgaris,public_outside
Euchaeta acuta,Euchaeta acuta,public_outside
Euchaeta indica,Euchaeta indica,public_outside
Euchaeta longicornis,Euchaeta longicornis,public_outside
Euchirella pulchra,Euchirella pulchra,public_outside
Eucopia sculpticauda,Eucopia sculpticauda,private
Euphausia diomedeae,Euphausia diomedeae,public_outside
Euphausia eximia,Euphausia eximia,public_outside
Excirolana braziliensis,Excirolana braziliensis,public_outside
Fagegnathophausia gracilis,Gnathophausia gracilis,public_outside
Fagegnathophausia gracilis,Fagegnathophausia gracilis,private
Farranula gibbula,Farranula gibbula,public_outside
Farranula gracilis,Farranula gracilis,private
Farranula rostrata,Farranula rostrata,private
Gaetanus brevispinus,Gaetanus brevispinus,public_outside
Galacantha diomedeae,Galacantha diomedeae,public_outside
Grapsus grapsus,Grapsus grapsus,private
Haloptilus acutifrons,Haloptilus acutifrons,private
Haloptilus longicornis,Haloptilus longicornis,public_outside
Heterorhabdus papilliger,Heterorhabdus papilliger,public_outside
Labidocera acuta,Labidocera acuta,public_outside
Labidocera acutifrons,Labidocera acutifrons,private
Labidocera detruncata,Labidocera detruncata,public_outside
Lucicutia flavicornis,Lucicutia flavicornis,public_outside
Megabalanus coccopoma,Megabalanus coccopoma,public_outside
Megabalanus peninsularis,Megabalanus peninsularis,private
Metridia venusta,Metridia venusta,public_outside
Microsetella rosea,Microsetella rosea,private
Munidopsis exuta,Munidopsis exuta,public_outside
Nannocalanus minor,Nannocalanus minor,public_outside
Nematocarcinus ensifer,Nematocarcinus ensifer,public_outside
Neocalanus robustior,Neocalanus robustior,public_outside
Neogonodactylus oerstedii,Neogonodactylus oerstedii,public_outside
Nyctiphanes simplex,Nyctiphanes simplex,public_outside
Oithona nana,Oithona nana,private
Oithona plumifera,Oithona plumifera,public_outside
Oithona setigera,Oithona setigera,private
Oithona similis,Oithona helgolandica,private
Oithona similis,Oithona similis,public_outside
Oncaea mediterranea,Oncaea mediterranea,public_outside
Oncaea venusta,Oncaea venusta,public_outside
Onychocorycaeus catus,Corycaeus catus,private
Onychocorycaeus giesbrechti,Onychocorycaeus giesbrechti,private
Onychocorycaeus ovalis,Onychocorycaeus ovalis,private
Oxycephalus clausi,Oxycephalus clausi,public_outside
Pachos punctatum,Pachos punctatum,public_outside
Pachygrapsus transversus,Pachygrapsus transversus,public_outside
Panulirus gracilis,Panulirus gracilis,public_outside
Panulirus inflatus,Panulirus inflatus,public_outside
Panulirus penicillatus,Panulirus penicillatus,public_outside
Paracalanus aculeatus,Paracalanus aculeatus,public_outside
Paracalanus parvus,Paracalanus parvus,public_outside
Paraeuchaeta antarctica,Paraeuchaeta antarctica,public_outside
Pareucalanus attenuatus,Eucalanus attenuatus,private
Pareucalanus attenuatus,Eucalanus pseudattenuatus,public_outside
Pareucalanus attenuatus,Pareucalanus attenuatus,public_outside
Penaeus stylirostris,Litopenaeus stylirostris,public_outside
Phaenna spinifera,Phaenna spinifera,public_outside
Phronima solitaria,Phronima solitaria,private
Pleuromamma abdominalis,Pleuromamma abdominalis,public_outside
Pleuromamma borealis,Pleuromamma borealis,public_outside
Pleuromamma gracilis,Pleuromamma gracilis,public_outside
Pleuromamma piseki,Pleuromamma piseki,public_outside
Pleuromamma robusta,Pleuromamma robusta,public_outside
Pleuromamma xiphias,Pleuromamma xiphias,public_outside
Pontellina plumata,Pontellina plumata,public_outside
Pontellopsis regalis,Pontellopsis regalis,public_outside
Pseudocalanus elongatus,Pseudocalanus elongatus,public_outside
Pseudosquillisma adiastalta,Pseudosquillisma adiastalta,private
Rhincalanus cornutus,Rhincalanus cornutus,public_outside
Rhincalanus gigas,Rhincalanus gigas,public_outside
Rhincalanus nasutus,Rhincalanus nasutus,public_outside
Ridgewayia delfine,Ridgewayia delfine,public_inside
Ridgewayia tunela,Ridgewayia tunela,public_inside
Sapphirina angusta,Sapphirina angusta,public_outside
Sapphirina gemma,Sapphirina gemma,private
Sapphirina intestinata,Sapphirina intestinata,private
Sapphirina opalina,Sapphirina opalina,public_outside
Scaphocalanus magnus,Scaphocalanus acrocephalus,public_outside
Scaphocalanus magnus,Scaphocalanus magnus,public_outside
Scolecithrix bradyi,Scolecithrix bradyi,public_outside
Scolecithrix danae,Scolecithrix danae,public_outside
Scottocalanus securifrons,Scottocalanus securifrons,public_outside
Stereomastis nana,Stereomastis nana,public_outside
Subeucalanus crassus,Subeucalanus crassus,public_outside
Subeucalanus monachus,Eucalanus monachus,private
Subeucalanus monachus,Subeucalanus monachus,public_outside
Subeucalanus subcrassus,Subeucalanus subcrassus,public_outside
Subeucalanus subtenuis,Eucalanus subtenuis,public_outside
Subeucalanus subtenuis,Subeucalanus subtenuis,public_outside
Temora discaudata,Temora discaudata,public_outside
Temora stylifera,Temora stylifera,public_outside
Tetraclita squamosa,Tetraclita squamosa,public_outside
Tetraclita stalactifera,Tetraclita stalactifera,public_outside
Trapezia digitalis,Trapezia digitalis,private
Triconia conifera,Oncaea conifera,private
Triconia conifera,Triconia conifera,public_outside
Undinula vulgaris,Undinula vulgaris,public_outside
Urocorycaeus furcifer,Urocorycaeus furcifer,private
Ventiella sulfuris,Ventiella sulfuris,public_outside
Abyssorchomene abyssorum,Abyssorchomene abyssorum,public_outside
Acrocalanus andersoni,Acrocalanus andersoni,public_outside
Acrocalanus gibber,Acrocalanus gibber,public_outside
Acrocalanus longicornis,Acrocalanus longicornis,public_outside
Acrocalanus monachus,Acrocalanus monachus,public_outside
Aetideopsis armatus,Aetideopsis armatus,private
Aetideus bradyi,Aetideus bradyi,public_outside
Agetus flaccus,Agetus flaccus,private
Alpheus lottini,Alpheus lottini,public_outside
Alpheus paracrinitus,Alpheus paracrinitus,public_outside
Alvinocaris lusca,Alvinocaris lusca,public_outside
Amphibalanus amphitrite,Balanus amphitrite,public_outside
Amphibalanus amphitrite,Amphibalanus amphitrite,public_outside
Anchylomera blossevillei,Anchylomera blossevillei,private
Aphotopontius mammillatus,Aphotopontius mammillatus,public_outside
Arenaeus mexicanus,Arenaeus mexicanus,public_outside
Aristeus semidentatus,Aristeus semidentatus,public_outside
Bythograea galapagensis,Bythograea galapagensis,public_outside
Bythograea microps,Bythograea microps,public_outside
Bythograea thermydron,Bythograea thermydron,public_outside
Calanus chilensis,Calanus chilensis,public_outside
Caligus coryphaenae,Caligus elongatus,public_outside
Callinectes arcuatus,Callinectes arcuatus,public_outside
Calocalanus pavo,Calocalanus pavo,public_outside
Calocalanus styliremis,Calocalanus styliremis,public_outside
Candacia bispinosa,Candacia bispinosa,public_outside
Candacia catula,Candacia catula,public_outside
Candacia curta,Candacia curta,public_outside
Candacia longimana,Candacia longimana,public_outside
Candacia pachydactyla,Candacia pachydactyla,public_outside
Candacia simplex,Candacia simplex,public_outside
Candacia truncata,Candacia truncata,public_outside
Canthocalanus pauper,Canthocalanus pauper,public_outside
Centropages furcatus,Centropages furcatus,public_outside
Centropages velificatus,Centropages velificatus,private
Centropages violaceus,Centropages violaceus,public_outside
Chelonibia testudinaria,Chelonibia patula,public_outside
Chelonibia testudinaria,Chelonibia testudinaria,public_inside
Chirundina streetsii,Chirundina streetsii,private
Cirolana harfordi,Cirolana harfordi,public_outside
Clausocalanus arcuicornis,Clausocalanus arcuicornis,public_outside
Clausocalanus farrani,Clausocalanus farrani,private
Clausocalanus mastigophorus,Clausocalanus mastigophorus,public_outside
Clibanarius albidigitus,Clibanarius albidigitus,public_outside
Clibanarius lineatus,Clibanarius lineatus,public_outside
Colossendeis macerrima,Colossendeis japonica,public_outside
Colossendeis macerrima,Colossendeis macerrima,public_outside
Colossendeis minor,Colossendeis minor,private
Copidognathus papillatus,Copidognathus papillatus,private
Copilia mirabilis,Copilia mirabilis,public_outside
Corycaeus clausi,Corycaeus clausi,private
Corycaeus crassiusculus,Corycaeus crassiusculus,private
Corycaeus speciosus,Corycaeus speciosus,public_outside
Cosmocalanus darwinii,Cosmocalanus darwinii,public_outside
Dahlella caldariensis,Dahlella caldariensis,public_outside
Disseta palumbii,Disseta palumbii,public_outside
Elthusa vulgaris,Lironeca vulgaris,public_outside
Elthusa vulgaris,Elthusa vulgaris,public_outside
Euchaeta acuta,Euchaeta acuta,public_outside
Euchaeta indica,Euchaeta indica,public_outside
Euchaeta longicornis,Euchaeta longicornis,public_outside
Euchirella pulchra,Euchirella pulchra,public_outside
Eucopia sculpticauda,Eucopia sculpticauda,private
Euphausia diomedeae,Euphausia diomedeae,public_outside
Euphausia eximia,Euphausia eximia,public_outside
Excirolana braziliensis,Excirolana braziliensis,public_outside
Fagegnathophausia gracilis,Gnathophausia gracilis,public_outside
Fagegnathophausia gracilis,Fagegnathophausia gracilis,private
Farranula gibbula,Farranula gibbula,public_outside
Farranula gracilis,Farranula gracilis,private
Farranula rostrata,Farranula rostrata,private
Gaetanus brevispinus,Gaetanus brevispinus,public_outside
Galacantha diomedeae,Galacantha diomedeae,public_outside
Grapsus grapsus,Grapsus grapsus,private
Haloptilus acutifrons,Haloptilus acutifrons,private
Haloptilus longicornis,Haloptilus longicornis,public_outside
Heterorhabdus papilliger,Heterorhabdus papilliger,public_outside
Labidocera acuta,Labidocera acuta,public_outside
Labidocera acutifrons,Labidocera acutifrons,private
Labidocera detruncata,Labidocera detruncata,public_outside
Lucicutia flavicornis,Lucicutia flavicornis,public_outside
Megabalanus coccopoma,Megabalanus coccopoma,public_outside
Megabalanus peninsularis,Megabalanus peninsularis,private
Metridia venusta,Metridia venusta,public_outside
Microsetella rosea,Microsetella rosea,private
Munidopsis exuta,Munidopsis exuta,public_outside
Nannocalanus minor,Nannocalanus minor,public_outside
Nematocarcinus ensifer,Nematocarcinus ensifer,public_outside
Neocalanus robustior,Neocalanus robustior,public_outside
Neogonodactylus oerstedii,Neogonodactylus oerstedii,public_outside
Nyctiphanes simplex,Nyctiphanes simplex,public_outside
Oithona nana,Oithona nana,private
Oithona plumifera,Oithona plumifera,public_outside
Oithona setigera,Oithona setigera,private
Oithona similis,Oithona helgolandica,private
Oithona similis,Oithona similis,public_outside
Oncaea mediterranea,Oncaea mediterranea,public_outside
Oncaea venusta,Oncaea venusta,public_outside
Onychocorycaeus catus,Corycaeus catus,private
Onychocorycaeus giesbrechti,Onychocorycaeus giesbrechti,private
Onychocorycaeus ovalis,Onychocorycaeus ovalis,private
Oxycephalus clausi,Oxycephalus clausi,public_outside
Pachos punctatum,Pachos punctatum,public_outside
Pachygrapsus transversus,Pachygrapsus transversus,public_outside
Panulirus gracilis,Panulirus gracilis,public_outside
Panulirus inflatus,Panulirus inflatus,public_outside
Panulirus penicillatus,Panulirus penicillatus,public_outside
Paracalanus aculeatus,Paracalanus aculeatus,public_outside
Paracalanus parvus,Paracalanus parvus,public_outside
Paraeuchaeta antarctica,Paraeuchaeta antarctica,public_outside
Pareucalanus attenuatus,Eucalanus attenuatus,private
Pareucalanus attenuatus,Eucalanus pseudattenuatus,public_outside
Pareucalanus attenuatus,Pareucalanus attenuatus,public_outside
Penaeus stylirostris,Litopenaeus stylirostris,public_outside
Phaenna spinifera,Phaenna spinifera,public_outside
Phronima solitaria,Phronima solitaria,private
Pleuromamma abdominalis,Pleuromamma abdominalis,public_outside
Pleuromamma borealis,Pleuromamma borealis,public_outside
Pleuromamma gracilis,Pleuromamma gracilis,public_outside
Pleuromamma piseki,Pleuromamma piseki,public_outside
Pleuromamma robusta,Pleuromamma robusta,public_outside
Pleuromamma xiphias,Pleuromamma xiphias,public_outside
Pontellina plumata,Pontellina plumata,public_outside
Pontellopsis regalis,Pontellopsis regalis,public_outside
Pseudocalanus elongatus,Pseudocalanus elongatus,public_outside
Pseudosquillisma adiastalta,Pseudosquillisma adiastalta,private
Rhincalanus cornutus,Rhincalanus cornutus,public_outside
Rhincalanus gigas,Rhincalanus gigas,public_outside
Rhincalanus nasutus,Rhincalanus nasutus,public_outside
Ridgewayia delfine,Ridgewayia delfine,public_inside
Ridgewayia tunela,Ridgewayia tunela,public_inside
Sapphirina angusta,Sapphirina angusta,public_outside
Sapphirina gemma,Sapphirina gemma,private
Sapphirina intestinata,Sapphirina intestinata,private
Sapphirina opalina,Sapphirina opalina,public_outside
Scaphocalanus magnus,Scaphocalanus acrocephalus,public_outside
Scaphocalanus magnus,Scaphocalanus magnus,public_outside
Scolecithrix bradyi,Scolecithrix bradyi,public_outside
Scolecithrix danae,Scolecithrix danae,public_outside
Scottocalanus securifrons,Scottocalanus securifrons,public_outside
Stereomastis nana,Stereomastis nana,public_outside
Subeucalanus crassus,Subeucalanus crassus,public_outside
Subeucalanus monachus,Eucalanus monachus,private
Subeucalanus monachus,Subeucalanus monachus,public_outside
Subeucalanus subcrassus,Subeucalanus subcrassus,public_outside
Subeucalanus subtenuis,Eucalanus subtenuis,public_outside
Subeucalanus subtenuis,Subeucalanus subtenuis,public_outside
Temora discaudata,Temora discaudata,public_outside
Temora stylifera,Temora stylifera,public_outside
Tetraclita squamosa,Tetraclita squamosa,public_outside
Tetraclita stalactifera,Tetraclita stalactifera,public_outside
Trapezia digitalis,Trapezia digitalis,private
Triconia conifera,Oncaea conifera,private
Triconia conifera,Triconia conifera,public_outside
Undinula vulgaris,Undinula vulgaris,public_outside
Urocorycaeus furcifer,Urocorycaeus furcifer,private
Ventiella sulfuris,Ventiella sulfuris,public_outside
