Acanthistius fuscus,Acanthistius fuscus,private
Acanthistius pictus,Acanthistius pictus,public_outside
Acanthurus leucopareius,Acanthurus leucopareius,public_outside
Agonopsis chiloensis,Agonopsis chiloensis,private
Aldrovandia phalacra,Aldrovandia phalacra,public_outside
Alepisaurus brevirostris,Alepisaurus brevirostris,public_outside
Alepisaurus ferox,Alepisaurus ferox,public_outside
Alepocephalus tenebrosus,Alepocephalus tenebrosus,public_outside
Aluterus scriptus,Aluterus scriptus,public_outside
Ameiurus nebulosus,Ameiurus nebulosus,public_outside
Anampses caeruleopunctatus,Anampses caeruleopunctatus,public_outside
Anampses femininus,Anampses femininus,public_outside
Anampses meleagrides,Anampses meleagrides,public_outside
Anisotremus scapularis,Anisotremus scapularis,public_outside
Anoplogaster cornuta,Anoplogaster cornuta,public_outside
Antimora rostrata,Antimora rostrata,public_outside
Aphos porosus,Aphos porosus,public_inside
Aplochiton taeniatus,Aplochiton taeniatus,public_inside
Aplochiton zebra,Aplochiton zebra,public_inside
Aplodactylus punctatus,Aplodactylus punctatus,public_inside
Arctozenus risso,Arctozenus risso,public_outside
Argyropelecus aculeatus,Argyropelecus aculeatus,public_outside
Argyropelecus gigas,Argyropelecus gigas,public_outside
Argyropelecus hemigymnus,Argyropelecus hemigymnus,public_outside
Argyropelecus lychnus,Argyropelecus lychnus,public_outside
Argyropelecus olfersii,Argyropelecus olfersii,public_outside
Argyropelecus sladeni,Argyropelecus sladeni,public_outside
Arothron meleagris,Arothron meleagris,public_outside
Astronesthes boulengeri,Astronesthes boulengeri,public_outside
Astronesthes indicus,Astronesthes indicus,private
Aulostomus chinensis,Aulostomus chinensis,public_outside
Austrolycus depressiceps,Austrolycus depressiceps,private
Austrolycus laticinctus,Austrolycus laticinctus,public_outside
Bathophilus ater,Bathophilus ater,private
Bathylagus antarcticus,Bathylagus antarcticus,public_outside
Bathylagus euryops,Bathylagus euryops,public_outside
Bathysauropsis gracilis,Bathysauropsis gracilis,public_outside
Bathytroctes microlepis,Bathytroctes microlepis,public_outside
Benthalbella elongata,Benthalbella elongata,public_outside
Borostomias antarcticus,Borostomias antarcticus,public_outside
Bothrocara molle,Bothrocara molle,public_outside
Bovichtus chilensis,Bovichtus chilensis,public_inside
Brama brama,Brama brama,public_outside
Calliclinus geniguttatus,Calliclinus geniguttatus,public_inside
Cantherhines dumerilii,Cantherhines dumerilii,public_outside
Caprodon longimanus,Caprodon unicolor,public_outside
Caprodon longimanus,Caprodon longimanus,public_outside
Caranx lugubris,Caranx lugubris,public_outside
Cataetyx messieri,Cataetyx messieri,private
Cataetyx rubrirostris,Cataetyx rubrirostris,public_outside
Catostomus commersonii,Catostomus commersonii,public_outside
Centropyge hotumatua,Centropyge hotumatua,private
Ceratoscopelus warmingii,Ceratoscopelus warmingii,public_outside
Chaenophryne longiceps,Chaenophryne longiceps,public_outside
Chaetodon litus,Chaetodon litus,private
Chaetodon lunula,Chaetodon lunulatus,public_outside
Chaetodon lunula,Chaetodon lunula,public_outside
Chaetodon unimaculatus,Chaetodon unimaculatus,public_outside
Chauliodus danae,Chauliodus danae,public_outside
Chauliodus sloani,Chauliodus sloani,public_outside
Cheilodactylus plessisi,Cheilodactylus plessisi,private
Cheilodactylus variegatus,Cheilodactylus variegatus,public_inside
Cheilotrema fasciatum,Cheilotrema fasciatum,private
Chromis crusma,Chromis crusma,public_inside
Chromis randalli,Chromis randalli,private
Chrysiptera galba,Chrysiptera galba,private
Chrysiptera rapanui,Chrysiptera rapanui,private
Cilus gilberti,Cilus gilberti,public_outside
Cirripectes alboapicalis,Cirripectes alboapicalis,private
Clupea bentincki,Strangomera bentincki,public_inside
Coccorella atlantica,Coccorella atlantica,public_outside
Coelorinchus fasciatus,Coelorinchus fasciatus,public_outside
Congiopodus peruvianus,Congiopodus peruvianus,public_outside
Coryphaenoides anguliceps,Coryphaenoides anguliceps,public_outside
Coryphaenoides carminifer,Coryphaenoides carminifer,public_outside
Coryphaenoides subserrulatus,Coryphaenoides subserrulatus,public_outside
Cubiceps caeruleus,Cubiceps caeruleus,public_outside
Cyclothone acclinidens,Cyclothone acclinidens,public_outside
Cyclothone alba,Cyclothone alba,private
Cyclothone microdon,Cyclothone microdon,public_outside
Cyclothone pallida,Cyclothone pallida,public_outside
Cyclothone pseudopallida,Cyclothone pseudopallida,public_outside
Cyclothone signata,Cyclothone signata,public_outside
Dadyanos insignis,Dadyanos insignis,private
Danaphos oculatus,Danaphos oculatus,public_outside
Derichthys serpentinus,Derichthys serpentinus,public_outside
Diaphus meadi,Diaphus meadi,public_outside
Diaphus ostenfeldi,Diaphus ostenfeldi,public_outside
Diaphus theta,Diaphus theta,public_outside
Diodon holocanthus,Diodon holocanthus,public_outside
Diogenichthys atlanticus,Diogenichthys atlanticus,public_outside
Diplacanthopoma brachysoma,Diplacanthopoma brachysoma,public_outside
Diplectrum conceptione,Diplectrum conceptione,public_outside
Dissostichus eleginoides,Dissostichus eleginoides,public_inside
Electrona antarctica,Electrona antarctica,public_outside
Electrona carlsbergi,Electrona carlsbergi,public_outside
Electrona paucirastra,Electrona paucirastra,public_outside
Eleginops maclovinus,Eleginops maclovinus,public_outside
Enchelycore ramosa,Enchelycore ramosa,public_outside
Engraulis ringens,Engraulis ringens,public_inside
Entomacrodus chapmani,Entomacrodus chapmani,private
Ethmidium maculatum,Ethmidium maculatum,public_inside
Fistularia commersonii,Fistularia commersonii,public_outside
Fodiator acutus,Fodiator acutus,public_outside
Forcipiger flavissimus,Forcipiger flavissimus,public_outside
Galaxias maculatus,Galaxias maculatus,public_outside
Galaxias platei,Galaxias platei,public_outside
Genypterus blacodes,Genypterus blacodes,public_inside
Genypterus chilensis,Genypterus chilensis,public_inside
Girella nebulosa,Girella nebulosa,private
Gonichthys barnesi,Gonichthys barnesi,private
Guttigadus globiceps,Guttigadus globiceps,public_outside
Guttigadus kongi,Guttigadus kongi,private
Gymnoscopelus bolini,Gymnoscopelus bolini,public_outside
Gymnoscopelus braueri,Gymnoscopelus braueri,public_outside
Gymnoscopelus fraseri,Gymnoscopelus fraseri,public_outside
Gymnoscopelus nicholsi,Gymnoscopelus nicholsi,public_outside
Gymnoscopelus piabilis,Gymnoscopelus piabilis,public_outside
Gymnothorax eurostus,Gymnothorax eurostus,public_outside
Gymnothorax porphyreus,Gymnothorax porphyreus,public_outside
Gyrinomimus grahami,Gyrinomimus grahami,public_outside
Halargyreus johnsonii,Halargyreus johnsonii,public_outside
Halosaurus radiatus,Halosaurus radiatus,public_outside
Harpagifer bispinis,Harpagifer bispinis,private
Helcogrammoides cunninghami,Helcogrammoides cunninghami,public_inside
Helicolenus lengerichi,Helicolenus lengerichi,private
Hemigymnus fasciatus,Hemigymnus fasciatus,public_outside
Heteropriacanthus cruentatus,Heteropriacanthus cruentatus,public_outside
Hintonia candens,Hintonia candens,public_outside
Hippoglossina bollmani,Hippoglossina bollmani,public_outside
Hippoglossina macrops,Hippoglossina macrops,public_outside
Hoplostethus atlanticus,Hoplostethus atlanticus,public_inside
Howella brodiei,Howella brodiei,public_outside
Hygophum hanseni,Hygophum hanseni,public_outside
Hygophum macrochir,Hygophum macrochir,public_outside
Hypsoblennius sordidus,Hypsoblennius sordidus,public_inside
Idiacanthus atlanticus,Idiacanthus atlanticus,public_outside
Iluocoetes elongatus,Iluocoetes elongatus,private
Iluocoetes fimbriatus,Iluocoetes fimbriatus,public_outside
Isacia conceptionis,Isacia conceptionis,public_outside
Itycirrhitus wilhelmi,Itycirrhitus wilhelmi,private
Kajikia audax,Kajikia audax,public_outside
Krefftichthys anderssoni,Krefftichthys anderssoni,public_outside
Kuhlia nutabunda,Kuhlia nutabunda,public_inside
Kyphosus bigibbus,Kyphosus bigibbus,public_outside
Kyphosus sectatrix,Kyphosus sectatrix,public_outside
Labrisomus philippii,Labrisomus philippii,public_inside
Lactoria diaphana,Lactoria diaphana,public_outside
Lampanyctus australis,Lampanyctus australis,public_outside
Lampanyctus intricarius,Lampanyctus intricarius,public_outside
Lampanyctus macdonaldi,Lampanyctus macdonaldi,public_outside
Lampanyctus pusillus,Lampanyctus pusillus,public_outside
Lampichthys procerus,Lampichthys procerus,private
Lobianchia dofleini,Lobianchia dofleini,public_outside
Lucigadus nigromaculatus,Lucigadus nigromaculatus,public_outside
Lycodichthys antarcticus,Lycodichthys antarcticus,public_outside
Macropinna microstoma,Macropinna microstoma,public_outside
Magnisudis prionosa,Magnisudis prionosa,public_outside
Malacosteus niger,Malacosteus niger,public_outside
Maurolicus muelleri,Maurolicus muelleri,public_outside
Melamphaes simus,Melamphaes simus,private
Melanolagus bericoides,Melanolagus bericoides,public_outside
Melanonus zugmayeri,Melanonus zugmayeri,public_outside
Mendosoma lineatum,Mendosoma lineatum,public_outside
Merluccius albidus,Merluccius albidus,public_outside
Merluccius australis,Merluccius australis,public_inside
Metelectrona ventralis,Metelectrona ventralis,public_outside
Micropogonias undulatus,Micropogonias undulatus,public_outside
Monomitopus agassizii,Monomitopus agassizii,private
Monomitopus malispinosus,Monomitopus malispinosus,public_outside
Mugil cephalus,Mugil cephalus,public_outside
Mulloidichthys vanicolensis,Mulloidichthys vanicolensis,public_outside
Myctophum nitidulum,Myctophum nitidulum,public_outside
Myctophum phengodes,Myctophum phengodes,public_outside
Myripristis pralinia,Myripristis pralinia,public_outside
Myripristis tiki,Myripristis tiki,private
Myxodes cristatus,Myxodes cristatus,public_inside
Myxodes viridis,Myxodes viridis,public_inside
Nannobrachium achirus,Nannobrachium achirus,public_outside
Nemichthys curvirostris,Nemichthys curvirostris,public_outside
Neogobius melanostomus,Neogobius melanostomus,public_outside
Nexilosus latifrons,Nexilosus latifrons,public_outside
Nezumia convergens,Nezumia convergens,public_outside
Normanichthys crockeri,Normanichthys crockeri,public_inside
Notacanthus spinosus,Notacanthus spinosus,public_outside
Notolabrus inscriptus,Notolabrus inscriptus,public_outside
Notophycis marginata,Notophycis marginata,public_outside
Notoscopelus caudispinosus,Notoscopelus caudispinosus,public_outside
Notothenia angustata,Notothenia angustata,public_outside
Odontesthes brevianalis,Odontesthes brevianalis,public_inside
Odontesthes regia,Odontesthes regia,public_inside
Ophichthus remiger,Ophichthus remiger,public_inside
Ophthalmolycus macrops,Ophthalmolycus macrops,private
Paradiplospinus gracilis,Paradiplospinus gracilis,public_outside
Paralabrax humeralis,Paralabrax humeralis,public_outside
Paralichthys adspersus,Paralichthys adspersus,public_inside
Paranotothenia magellanica,Paranotothenia magellanica,public_outside
Patagonotothen cornucola,Patagonotothen cornucola,private
Patagonotothen elegans,Patagonotothen elegans,private
Patagonotothen guntheri,Patagonotothen guntheri,public_outside
Patagonotothen jordani,Patagonotothen jordani,private
Patagonotothen sima,Patagonotothen sima,private
Patagonotothen squamiceps,Patagonotothen squamiceps,public_outside
Patagonotothen tessellata,Patagonotothen tessellata,public_outside
Patagonotothen wiltoni,Patagonotothen wiltoni,public_outside
Pervagor marginalis,Pervagor marginalis,private
Phucocoetes latitans,Phucocoetes latitans,private
Pinguipes chilensis,Pinguipes chilensis,public_inside
Platichthys flesus,Platichthys flesus,public_outside
Pogonolycus elegans,Pogonolycus elegans,private
Polydactylus approximans,Polydactylus approximans,public_outside
Polydactylus opercularis,Polydactylus opercularis,private
Polysteganus coeruleopunctatus,Polysteganus coeruleopunctatus,public_outside
Porichthys porosissimus,Porichthys porosissimus,public_outside
Poromitra crassiceps,Poromitra crassiceps,public_outside
Poromitra megalops,Poromitra megalops,public_outside
Prionotus stephanophrys,Prionotus stephanophrys,public_outside
Prolatilus jugularis,Prolatilus jugularis,public_inside
Protomyctophum andriashevi,Protomyctophum andriashevi,public_outside
Protomyctophum bolini,Protomyctophum bolini,public_outside
Protomyctophum normani,Protomyctophum normani,public_outside
Protomyctophum parallelum,Protomyctophum parallelum,public_outside
Protomyctophum subparallelum,Protomyctophum subparallelum,private
Protomyctophum tenisoni,Protomyctophum tenisoni,private
Pseudocaranx dentex,Pseudocaranx dentex,public_outside
Pseudolabrus fuentesi,Pseudolabrus fuentesi,private
Pseudupeneus grandisquamis,Pseudupeneus grandisquamis,public_outside
Psychrolutes marmoratus,Psychrolutes marmoratus,public_outside
Ramnogaster arcuata,Ramnogaster arcuata,private
Rexea antefurcata,Rexea antefurcata,public_outside
Rhadinesthes decimus,Rhadinesthes decimus,public_outside
Rouleina attrita,Rouleina attrita,public_outside
Rouleina maderensis,Rouleina maderensis,public_outside
Salilota australis,Salilota australis,public_outside
Salmo salar,Salmo salar,public_inside
Salmo trutta,Salmo trutta,public_outside
Sargocentron punctatissimum,Sargocentron punctatissimum,public_outside
Sargocentron tiereoides,Sargocentron tiereoides,public_outside
Scartichthys gigas,Scartichthys gigas,public_inside
Scartichthys variolatus,Scartichthys variolatus,public_inside
Scartichthys viridis,Scartichthys viridis,public_inside
Sciaena deliciosa,Sciaena deliciosa,public_outside
Scopelarchus guentheri,Scopelarchus guentheri,public_outside
Scopeloberyx robustus,Scopeloberyx opercularis,private
Scopeloberyx robustus,Scopeloberyx robustus,public_outside
Scopelogadus beanii,Scopelogadus beanii,public_outside
Scorpaena orgila,Scorpaena orgila,private
Scuticaria tigrina,Scuticaria tigrina,public_outside
Sebastes capensis,Sebastes capensis,public_inside
Sebastes oculatus,Sebastes oculatus,public_outside
Seriola lalandi,Seriola lalandi,public_inside
Seriolella porosa,Seriolella porosa,public_outside
Seriolella violacea,Seriolella violacea,public_inside
Sicyases sanguineus,Sicyases sanguineus,public_inside
Sigmops bathyphilus,Sigmops bathyphilus,public_outside
Sphoeroides lobatus,Sphoeroides lobatus,public_outside
Sphoeroides testudineus,Sphoeroides testudineus,public_outside
Sprattus fuegensis,Sprattus fuegensis,private
Stegastes fasciolatus,Stegastes fasciolatus,public_outside
Stephanolepis setifer,Stephanolepis setifer,public_outside
Sternoptyx diaphana,Sternoptyx diaphana,public_outside
Sternoptyx pseudodiaphana,Sternoptyx pseudodiaphana,public_outside
Stomias atriventer,Stomias atriventer,public_outside
Stomias gracilis,Stomias gracilis,public_outside
Stromateus stellatus,Stromateus stellatus,public_inside
Symbolophorus boops,Symbolophorus boops,public_outside
Symphurus jenynsi,Symphurus jenynsi,private
Synchiropus randalli,Synchiropus randalli,private
Synodus capricornis,Synodus capricornis,private
Talismania antillarum,Talismania antillarum,public_outside
Talismania bifurcata,Talismania bifurcata,public_outside
Thalassoma lutescens,Thalassoma lutescens,public_outside
Thalassoma purpureum,Thalassoma purpureum,public_inside
Thunnus obesus,Thunnus obesus,public_inside
Thyrsites atun,Thyrsites atun,public_inside
Thysanopsetta naresi,Thysanopsetta naresi,private
Trachinotus paitensis,Trachinotus paitensis,public_outside
Trachipterus altivelis,Trachipterus altivelis,public_outside
Trachurus murphyi,Trachurus murphyi,public_inside
Trachurus picturatus,Trachurus picturatus,public_outside
Triphoturus mexicanus,Triphoturus mexicanus,public_outside
Valenciennellus tripunctulatus,Valenciennellus tripunctulatus,public_outside
Vinciguerria attenuata,Vinciguerria attenuata,public_outside
Vinciguerria lucetia,Vinciguerria lucetia,public_outside
Vinciguerria poweriae,Vinciguerria poweriae,public_outside
Winteria telescopa,Winteria telescopa,public_outside
Xanthichthys mento,Xanthichthys mento,public_outside
Xanthichthys ringens,Xanthichthys ringens,public_outside
Xiphias gladius,Xiphias gladius,public_inside
Zoarces viviparus,Zoarces viviparus,public_outside
