Ablennes hians,Ablennes hians,public_outside
Abudefduf concolor,Abudefduf concolor,public_outside
Abudefduf saxatilis,Abudefduf saxatilis,public_outside
Abudefduf troschelii,Abudefduf troschelii,public_inside
Acanthemblemaria balanorum,Acanthemblemaria balanorum,public_outside
Acanthemblemaria castroi,Acanthemblemaria castroi,public_inside
Acanthemblemaria exilispinus,Acanthemblemaria exilispinus,public_outside
Acanthemblemaria hancocki,Acanthemblemaria hancocki,public_outside
Acanthocybium solandri,Acanthocybium solandri,public_outside
Acanthurus nigricans,Acanthurus nigricans,public_outside
Acanthurus triostegus,Acanthurus triostegus,public_outside
Acanthurus xanthopterus,Acanthurus xanthopterus,public_outside
Achirus declivis,Achirus declivis,private
Achirus mazatlanus,Achirus mazatlanus,private
Achirus scutum,Achirus scutum,private
Albula esuncula,Albula esuncula,public_outside
Alectis ciliaris,Alectis indica,public_outside
Alectis ciliaris,Alectis ciliaris,public_outside
Alepocephalus owstoni,Alepocephalus owstoni,public_outside
Alphestes afer,Alphestes afer,public_outside
Alphestes immaculatus,Alphestes immaculatus,public_inside
Alphestes multiguttatus,Alphestes multiguttatus,public_outside
Aluterus scriptus,Aluterus scriptus,public_outside
Ammodytoides gilli,Ammodytoides gilli,private
Anarchias galapagensis,Anarchias galapagensis,private
Anchoa ischana,Anchoa ischana,private
Anchoa lucida,Anchoa lucida,public_outside
Anchoa nasus,Anchoa nasus,public_outside
Anchoa walkeri,Anchoa walkeri,public_outside
Anchovia macrolepidota,Anchovia macrolepidota,private
Anguilla marmorata,Anguilla marmorata,public_outside
Anisotremus caesius,Anisotremus caesius,public_outside
Anisotremus interruptus,Anisotremus interruptus,public_outside
Anisotremus scapularis,Anisotremus scapularis,public_outside
Anisotremus surinamensis,Anisotremus surinamensis,public_outside
Anisotremus taeniatus,Anisotremus taeniatus,public_outside
Antennatus sanguineus,Antennatus sanguineus,public_outside
Apogon atradorsatus,Apogon atradorsatus,public_outside
Apogon atricaudus,Apogon atricaudus,private
Apogon dovii,Apogon dovii,public_outside
Apogon guadalupensis,Apogon guadalupensis,public_outside
Apogon pacificus,Apogon pacificus,public_outside
Argentina aliceae,Argentina aliceae,public_outside
Argyropelecus aculeatus,Argyropelecus aculeatus,public_outside
Argyropelecus affinis,Argyropelecus affinis,public_outside
Argyropelecus lychnus,Argyropelecus lychnus,public_outside
Argyropelecus olfersii,Argyropelecus olfersii,public_outside
Argyropelecus sladeni,Argyropelecus sladeni,public_outside
Ariopsis seemanni,Sciades seemanni,public_outside
Ariosoma gilberti,Ariosoma gilberti,public_outside
Ariosoma prorigerum,Ariosoma prorigerum,public_outside
Arothron hispidus,Arothron hispidus,public_outside
Arothron meleagris,Arothron meleagris,public_outside
Astronesthes boulengeri,Astronesthes boulengeri,public_outside
Aulostomus chinensis,Aulostomus chinensis,public_outside
Awaous banana,Awaous transandeanus,private
Awaous banana,Awaous banana,public_outside
Bagre bagre,Bagre bagre,public_outside
Bagre panamensis,Bagre panamensis,private
Balistes polylepis,Balistes polylepis,public_outside
Bathygobius andrei,Bathygobius andrei,public_outside
Bathygobius lineatus,Bathygobius lineatus,public_inside
Bathygobius ramosus,Bathygobius ramosus,public_outside
Bathygobius soporator,Bathygobius soporator,public_outside
Bathylagoides nigrigenys,Bathylagoides nigrigenys,public_outside
Bathypterois atricolor,Bathypterois atricolor,public_outside
Bathypterois phenax,Bathypterois phenax,public_outside
Bellator gymnostethus,Bellator gymnostethus,public_outside
Bellator loxias,Bellator loxias,public_outside
Benthodesmus tenuis,Benthodesmus tenuis,public_outside
Bodianus diplotaenia,Bodianus diplotaenia,public_inside
Bodianus eclancheri,Bodianus eclancheri,public_inside
Bolinichthys longipes,Bolinichthys longipes,public_outside
Bothus constellatus,Bothus constellatus,private
Bothus leopardinus,Bothus leopardinus,public_outside
Bothus mancus,Bothus mancus,public_outside
Brama dussumieri,Brama dussumieri,public_outside
Brama japonica,Brama japonica,public_outside
Bregmaceros bathymaster,Bregmaceros bathymaster,public_outside
Brotula clarkae,Brotula clarkae,public_outside
Brotula ordwayi,Brotula ordwayi,private
Calamus brachysomus,Calamus brachysomus,public_outside
Calotomus carolinus,Calotomus carolinus,public_outside
Cantherhines dumerilii,Cantherhines dumerilii,public_outside
Canthidermis maculata,Canthidermis maculata,public_outside
Canthigaster amboinensis,Canthigaster amboinensis,public_outside
Canthigaster janthinoptera,Canthigaster janthinoptera,public_outside
Canthigaster punctatissima,Canthigaster punctatissima,public_outside
Canthigaster valentini,Canthigaster valentini,public_outside
Carangoides orthogrammus,Carangoides orthogrammus,public_outside
Carangoides otrynter,Carangoides otrynter,public_outside
Caranx caballus,Caranx caballus,public_outside
Caranx caninus,Caranx caninus,public_outside
Caranx hippos,Caranx hippos,public_outside
Caranx lugubris,Caranx lugubris,public_outside
Caranx melampygus,Caranx melampygus,public_outside
Caranx ruber,Carangoides ruber,public_outside
Caranx ruber,Caranx ruber,private
Caranx sexfasciatus,Caranx sexfasciatus,public_outside
Cataetyx rubrirostris,Cataetyx rubrirostris,public_outside
Cathorops multiradiatus,Cathorops multiradiatus,private
Caulolatilus affinis,Caulolatilus affinis,public_outside
Caulolatilus princeps,Caulolatilus affinis,public_outside
Caulolatilus princeps,Caulolatilus princeps,public_outside
Centropomus nigrescens,Centropomus nigrescens,private
Centropomus robalito,Centropomus robalito,public_outside
Centropomus viridis,Centropomus viridis,public_outside
Cephalopholis panamensis,Cephalopholis panamensis,private
Cetengraulis mysticetus,Cetengraulis mysticetus,private
Chaenomugil proboscideus,Chaenomugil proboscideus,public_inside
Chaenopsis schmitti,Chaenopsis schmitti,public_outside
Chaetodipterus zonatus,Chaetodipterus zonatus,private
Chaetodon auriga,Chaetodon auriga,public_outside
Chaetodon humeralis,Chaetodon humeralis,public_outside
Chaetodon kleinii,Chaetodon kleinii,public_outside
Chaetodon lunula,Chaetodon lunulatus,public_outside
Chaetodon lunula,Chaetodon lunula,public_outside
Chaetodon meyeri,Chaetodon meyeri,public_outside
Chaetodon unimaculatus,Chaetodon unimaculatus,public_outside
Chanos chanos,Chanos chanos,public_outside
Chauliodus sloani,Chauliodus sloani,public_outside
Cheilopogon atrisignis,Cheilopogon atrisignis,public_outside
Cheilopogon cyanopterus,Cheilopogon cyanopterus,public_outside
Cheilopogon dorsomacula,Cheilopogon dorsomacula,public_outside
Cheilopogon furcatus,Cheilopogon furcatus,public_outside
Cheilopogon nigricans,Cheilopogon nigricans,public_outside
Cheilopogon spilonotopterus,Cheilopogon spilonotopterus,public_outside
Chiasmodon niger,Chiasmodon niger,public_outside
Chiasmodon subniger,Chiasmodon subniger,public_outside
Chilara taylori,Chilara taylori,public_outside
Chiloconger dentatus,Chiloconger dentatus,public_outside
Chilomycterus reticulatus,Chilomycterus reticulatus,public_outside
Chlopsis bicollaris,Chlopsis bicollaris,public_outside
Chlorophthalmus mento,Chlorophthalmus mento,public_outside
Chloroscombrus orqueta,Chloroscombrus orqueta,private
Chromis alta,Chromis alta,public_outside
Chromis atrilobata,Chromis atrilobata,public_inside
Cilus gilberti,Cilus gilberti,public_outside
Cirrhitichthys oxycephalus,Cirrhitichthys oxycephalus,public_outside
Cirrhitus rivulatus,Cirrhitus rivulatus,public_outside
Citharichthys gilberti,Citharichthys gilberti,public_outside
Citharichthys platophrys,Citharichthys platophrys,public_outside
Citharichthys spilopterus,Citharichthys spilopterus,public_outside
Coelorinchus canus,Coelorinchus canus,public_outside
Coralliozetus springeri,Coralliozetus springeri,public_outside
Corvula macrops,Corvula macrops,public_outside
Coryphaena equiselis,Coryphaena equiselis,public_outside
Coryphaena hippurus,Coryphaena hippurus,public_outside
Coryphaenoides armatus,Coryphaenoides armatus,public_outside
Coryphaenoides carminifer,Coryphaenoides carminifer,public_outside
Coryphopterus urospilus,Coryphopterus urospilus,public_inside
Cratinus agassizii,Cratinus agassizii,private
Ctenogobius sagittula,Ctenogobius sagittula,public_outside
Cubiceps pauciradiatus,Cubiceps pauciradiatus,public_outside
Cyclichthys spilostylus,Cyclichthys spilostylus,public_outside
Cyclopsetta panamensis,Cyclopsetta panamensis,public_outside
Cyclopsetta querna,Cyclopsetta querna,public_outside
Cyclothone acclinidens,Cyclothone acclinidens,public_outside
Cyclothone signata,Cyclothone signata,public_outside
Cynoscion albus,Cynoscion albus,public_outside
Cynoscion phoxocephalus,Cynoscion phoxocephalus,private
Cynoscion praedatorius,Cynoscion praedatorius,public_outside
Cynoscion xanthulus,Cynoscion xanthulus,private
Cypselurus angusticeps,Cypselurus angusticeps,public_outside
Cypselurus callopterus,Cypselurus callopterus,public_outside
Daector dowi,Daector dowi,private
Dajaus monticola,Dajaus monticola,public_inside
Decapterus macarellus,Decapterus macarellus,public_outside
Decapterus macrosoma,Decapterus macrosoma,public_outside
Decapterus muroadsi,Decapterus muroadsi,public_outside
Deckertichthys aureolus,Deckertichthys aureolus,public_outside
Decodon melasma,Decodon melasma,public_outside
Dermatolepis dermatolepis,Dermatolepis dermatolepis,public_outside
Dialommus fuscus,Dialommus fuscus,public_inside
Dialommus macrocephalus,Dialommus macrocephalus,public_outside
Diaphus rafinesquii,Diaphus rafinesquii,public_outside
Diapterus brevirostris,Diapterus brevirostris,public_outside
Diapterus peruvianus,Diapterus peruvianus,private
Dibranchus erinaceus,Dibranchus erinaceus,public_outside
Dibranchus hystrix,Dibranchus hystrix,public_outside
Dibranchus nudivomer,Dibranchus nudivomer,public_outside
Dibranchus spinosus,Dibranchus spinosus,public_outside
Dicrolene filamentosa,Dicrolene filamentosa,public_outside
Diodon eydouxii,Diodon eydouxii,public_outside
Diodon holocanthus,Diodon holocanthus,public_outside
Diodon hystrix,Diodon hystrix,public_outside
Diogenichthys laternatus,Diogenichthys laternatus,public_outside
Diplectrum conceptione,Diplectrum conceptione,public_outside
Diplectrum euryplectrum,Diplectrum euryplectrum,public_outside
Diplectrum maximum,Diplectrum maximum,private
Diplectrum pacificum,Diplectrum pacificum,public_outside
Diplectrum rostrum,Diplectrum rostrum,public_inside
Dolopichthys allector,Dolopichthys allector,private
Dormitator latifrons,Dormitator latifrons,public_outside
Echeneis naucrates,Echeneis naucrates,public_outside
Echidna nebulosa,Echidna nebulosa,public_outside
Echiodon exsilium,Echiodon exsilium,public_outside
Ectreposebastes imus,Ectreposebastes imus,public_outside
Ekemblemaria myersi,Ekemblemaria myersi,public_outside
Elagatis bipinnulata,Elagatis bipinnulata,public_outside
Elattarchus archidium,Elattarchus archidium,private
Eleotris picta,Eleotris picta,public_outside
Elops affinis,Elops affinis,public_outside
Engraulis ringens,Engraulis ringens,public_outside
Engyophrys sanctilaurentii,Engyophrys sanctilaurentii,public_outside
Entomacrodus chiostictus,Entomacrodus chiostictus,private
Epinephelus analogus,Epinephelus analogus,private
Epinephelus cifuentesi,Epinephelus cifuentesi,private
Epinephelus fasciatus,Epinephelus fasciatus,public_outside
Epinephelus labriformis,Epinephelus labriformis,public_inside
Etropus crossotus,Etropus crossotus,public_outside
Etropus ectenes,Etropus ectenes,public_outside
Etrumeus micropus,Etrumeus micropus,private
Eucinostomus argenteus,Eucinostomus argenteus,public_outside
Eucinostomus currani,Eucinostomus currani,public_outside
Eucinostomus dowii,Eucinostomus dowii,public_inside
Eucinostomus entomelas,Eucinostomus entomelas,public_outside
Eucinostomus gracilis,Eucinostomus gracilis,public_outside
Eugerres lineatus,Eugerres lineatus,public_outside
Euleptorhamphus viridis,Euleptorhamphus viridis,public_outside
Euthynnus lineatus,Euthynnus lineatus,public_outside
Evorthodus minutus,Evorthodus minutus,public_outside
Exocoetus monocirrhus,Exocoetus monocirrhus,public_outside
Exocoetus obtusirostris,Exocoetus obtusirostris,public_outside
Exocoetus volitans,Exocoetus volitans,public_outside
Fistularia commersonii,Fistularia commersonii,public_inside
Fistularia corneta,Fistularia corneta,public_outside
Fistularia petimba,Fistularia petimba,public_outside
Fodiator acutus,Fodiator acutus,public_outside
Forcipiger flavissimus,Forcipiger flavissimus,public_outside
Fowlerichthys avalonis,Fowlerichthys avalonis,public_outside
Gempylus serpens,Gempylus serpens,public_outside
Genyatremus dovii,Genyatremus dovii,public_outside
Genyatremus pacifici,Genyatremus pacifici,public_outside
Gerres cinereus,Gerres cinereus,public_outside
Gerres simillimus,Gerres simillimus,public_inside
Girella freminvillii,Girella freminvillii,public_inside
Gnathanodon speciosus,Gnathanodon speciosus,public_outside
Gobiesox adustus,Gobiesox adustus,private
Gobiomorus maculatus,Gobiomorus maculatus,public_outside
Gobiomorus polylepis,Gobiomorus polylepis,public_outside
Gobiosoma paradoxum,Gobiosoma paradoxum,public_outside
Gonichthys cocco,Gonichthys cocco,public_outside
Gonichthys tenuiculus,Gonichthys tenuiculus,public_outside
Grammonus diagrammus,Grammonus diagrammus,public_inside
Guentherus altivela,Guentherus altivela,public_outside
Gymnomuraena zebra,Gymnomuraena zebra,public_outside
Gymnothorax buroensis,Gymnothorax buroensis,public_outside
Gymnothorax castaneus,Gymnothorax castaneus,public_outside
Gymnothorax equatorialis,Gymnothorax equatorialis,public_outside
Gymnothorax flavimarginatus,Gymnothorax flavimarginatus,public_outside
Gymnothorax javanicus,Gymnothorax javanicus,public_outside
Gymnothorax meleagris,Gymnothorax meleagris,public_outside
Gymnothorax ocellatus,Gymnothorax ocellatus,public_outside
Gymnothorax panamensis,Gymnothorax panamensis,public_inside
Gymnothorax pictus,Gymnothorax pictus,public_outside
Gymnothorax porphyreus,Gymnothorax porphyreus,public_outside
Haemulon maculicauda,Haemulon maculicauda,public_outside
Haemulon parra,Haemulon parra,public_outside
Haemulon scudderii,Haemulon scudderii,public_inside
Haemulon sexfasciatum,Haemulon sexfasciatum,public_outside
Haemulon steindachneri,Haemulon steindachneri,public_outside
Haemulopsis axillaris,Haemulopsis axillaris,public_outside
Haemulopsis leuciscus,Haemulopsis leuciscus,public_outside
Haemulopsis nitidus,Haemulopsis nitidus,public_outside
Halichoeres adustus,Halichoeres adustus,public_outside
Halichoeres chierchiae,Halichoeres chierchiae,public_outside
Halichoeres dispilus,Halichoeres dispilus,public_inside
Halichoeres melanotis,Halichoeres melanotis,public_outside
Halichoeres nicholsi,Halichoeres nicholsi,public_inside
Halichoeres notospilus,Halichoeres notospilus,public_inside
Halosaurus radiatus,Halosaurus radiatus,public_outside
Harengula thrissina,Harengula thrissina,public_outside
Hemanthias peruanus,Hemanthias peruanus,private
Hemanthias signifer,Hemanthias signifer,public_outside
Hemilutjanus macrophthalmos,Hemilutjanus macrophthalmos,private
Hemiramphus brasiliensis,Hemiramphus brasiliensis,public_outside
Hemiramphus saltator,Hemiramphus saltator,public_outside
Heteroconger klausewitzi,Heteroconger klausewitzi,public_outside
Heteropriacanthus cruentatus,Heteropriacanthus cruentatus,public_outside
Hippocampus ingens,Hippocampus ingens,public_outside
Hippoglossina bollmani,Hippoglossina bollmani,public_outside
Hippoglossina tetrophthalma,Hippoglossina tetrophthalma,public_outside
Hirundichthys rondeletii,Hirundichthys rondeletii,public_outside
Hirundichthys speculiger,Hirundichthys speculiger,public_outside
Holacanthus passer,Holacanthus passer,public_outside
Holacanthus tricolor,Holacanthus tricolor,public_outside
Holtbyrnia latifrons,Holtbyrnia latifrons,public_outside
Hoplopagrus guentherii,Hoplopagrus guentherii,public_outside
Hoplostethus mediterraneus,Hoplostethus mediterraneus,public_outside
Hoplostethus mento,Hoplostethus mento,public_outside
Hygophum reinhardtii,Hygophum reinhardtii,public_outside
Hypoplectrus unicolor,Hypoplectrus unicolor,public_outside
Hyporhamphus naos,Hyporhamphus naos,private
Hyporhamphus unifasciatus,Hyporhamphus unifasciatus,public_outside
Hyporthodus acanthistius,Hyporthodus acanthistius,public_outside
Hyporthodus mystacinus,Hyporthodus mystacinus,public_inside
Hyporthodus niphobles,Hyporthodus niphobles,public_outside
Hypsoblennius brevipinnis,Hypsoblennius brevipinnis,public_inside
Ichthyococcus irregularis,Ichthyococcus irregularis,public_outside
Idiacanthus antrostomus,Idiacanthus antrostomus,public_outside
Ilyophis brunneus,Ilyophis brunneus,public_outside
Iniistius pavo,Iniistius pavo,public_inside
Istiompax indica,Makaira indica,private
Istiompax indica,Istiompax indica,public_inside
Istiophorus platypterus,Istiophorus platypterus,public_inside
Johnrandallia nigrirostris,Johnrandallia nigrirostris,public_outside
Kajikia audax,Kajikia audax,public_outside
Kali kerberti,Kali kerberti,public_outside
Kali macrodon,Kali macrodon,public_outside
Kathetostoma averruncus,Kathetostoma averruncus,public_outside
Katsuwonus pelamis,Katsuwonus pelamis,public_outside
Kuhlia mugil,Kuhlia mugil,public_outside
Kyphosus elegans,Kyphosus elegans,public_outside
Labrisomus xanti,Labrisomus xanti,public_outside
Lagocephalus lagocephalus,Lagocephalus lagocephalus,public_outside
Lampanyctus hubbsi,Lampanyctus hubbsi,public_outside
Lampanyctus omostigma,Lampanyctus omostigma,public_outside
Lampanyctus tenuiformis,Lampanyctus tenuiformis,public_outside
Larimus acclivis,Larimus acclivis,private
Larimus effulgens,Larimus effulgens,private
Larimus pacificus,Larimus pacificus,public_outside
Lepidocybium flavobrunneum,Lepidocybium flavobrunneum,public_outside
Lepidonectes corallicola,Lepidonectes corallicola,public_inside
Lepophidium prorates,Lepophidium prorates,private
Leuroglossus stilbius,Leuroglossus urotranus,public_outside
Leuroglossus stilbius,Leuroglossus stilbius,public_outside
Lile stolifera,Lile stolifera,private
Liopropoma longilepis,Liopropoma longilepis,public_inside
Lophiodes caulinaris,Lophiodes caulinaris,public_outside
Lophiodes spilurus,Lophiodes spilurus,public_outside
Loweina rara,Loweina rara,public_outside
Lutjanus aratus,Lutjanus aratus,public_outside
Lutjanus argentiventris,Lutjanus argentiventris,public_outside
Lutjanus bohar,Lutjanus bohar,public_outside
Lutjanus guttatus,Lutjanus guttatus,public_outside
Lutjanus novemfasciatus,Lutjanus novemfasciatus,public_outside
Lutjanus russellii,Lutjanus russellii,public_outside
Lutjanus viridis,Lutjanus viridis,public_outside
Lythrypnus dalli,Lythrypnus dalli,public_outside
Makaira nigricans,Makaira nigricans,public_inside
Malacanthus brevirostris,Malacanthus brevirostris,public_outside
Malacoctenus ebisui,Malacoctenus ebisui,private
Malacoctenus margaritae,Malacoctenus margaritae,private
Malacoctenus sudensis,Malacoctenus sudensis,public_outside
Malacoctenus tetranemus,Malacoctenus tetranemus,public_inside
Malacoctenus zonogaster,Malacoctenus zonogaster,public_inside
Malacosteus niger,Malacosteus niger,public_outside
Masturus lanceolatus,Masturus lanceolatus,public_outside
Maurolicus breviculus,Maurolicus breviculus,public_outside
Melichthys niger,Melichthys niger,public_outside
Melichthys vidua,Melichthys vidua,public_outside
Membras gilberti,Membras gilberti,private
Menticirrhus elongatus,Menticirrhus elongatus,public_outside
Microgobius tabogensis,Microgobius tabogensis,private
Microlophichthys microlophus,Microlophichthys microlophus,public_outside
Micropogonias altipinnis,Micropogonias altipinnis,public_outside
Microspathodon bairdii,Microspathodon bairdii,private
Microspathodon dorsalis,Microspathodon dorsalis,public_inside
Mola mola,Mola mola,public_outside
Monolene maculipinna,Monolene maculipinna,public_outside
Monomitopus malispinosus,Monomitopus malispinosus,public_outside
Mugil cephalus,Mugil cephalus,public_inside
Mugil curema,Mugil curema,public_outside
Mugil setosus,Mugil setosus,private
Mulloidichthys dentatus,Mulloidichthys dentatus,public_inside
Muraena clepsydra,Muraena clepsydra,private
Muraena lentiginosa,Muraena lentiginosa,public_inside
Mycteroperca olfax,Mycteroperca olfax,public_inside
Mycteroperca xenarcha,Mycteroperca xenarcha,public_outside
Myctophum affine,Myctophum affine,public_outside
Myctophum aurolaternatum,Myctophum aurolaternatum,public_outside
Myctophum brachygnathum,Myctophum brachygnathum,public_outside
Myctophum nitidulum,Myctophum nitidulum,public_outside
Myctophum spinosum,Myctophum spinosum,public_outside
Myrichthys tigrinus,Myrichthys tigrinus,public_outside
Myrichthys xysturus,Myrichthys xysturus,private
Myripristis berndti,Myripristis berndti,public_outside
Myripristis leiognathus,Myripristis leiognathus,public_outside
Myrophis vafer,Myrophis vafer,public_outside
Myxodagnus sagitta,Myxodagnus sagitta,public_inside
Nannobrachium ritteri,Nannobrachium ritteri,public_outside
Naso brevirostris,Naso brevirostris,public_outside
Naso brevirostris,Naso brevirostris,public_outside
Naso vlamingii,Naso vlamingii,public_outside
Naucrates ductor,Naucrates ductor,public_outside
Nealotus tripes,Nealotus tripes,public_outside
Nebris occidentalis,Nebris occidentalis,private
Nematistius pectoralis,Nematistius pectoralis,public_outside
Nemichthys scolopaceus,Nemichthys scolopaceus,public_outside
Nexilosus latifrons,Nexilosus latifrons,public_inside
Nezumia convergens,Nezumia convergens,public_outside
Nezumia latirostrata,Nezumia latirostrata,public_outside
Nicholsina denticulata,Nicholsina denticulata,public_outside
Nomeus gronovii,Nomeus gronovii,public_outside
Notacanthus spinosus,Notacanthus spinosus,public_outside
Notolychnus valdiviae,Notolychnus valdiviae,public_outside
Notoscopelus elongatus,Notoscopelus elongatus,public_outside
Novaculichthys taeniourus,Novaculichthys taeniourus,public_inside
Occidentarius platypogon,Occidentarius platypogon,private
Odontoscion xanthops,Odontoscion xanthops,public_outside
Oligoplites altus,Oligoplites altus,private
Oligoplites refulgens,Oligoplites refulgens,private
Oligoplites saurus,Oligoplites saurus,public_outside
Ophichthus frontalis,Ophichthus frontalis,public_outside
Ophichthus remiger,Ophichthus remiger,public_outside
Ophichthus triserialis,Ophichthus triserialis,public_outside
Ophichthus zophochir,Ophichthus zophochir,public_outside
Ophioblennius atlanticus,Ophioblennius atlanticus,public_outside
Ophioblennius steindachneri,Ophioblennius steindachneri,public_inside
Ophioscion scierus,Ophioscion scierus,public_outside
Opisthonema bulleri,Opisthonema bulleri,public_outside
Opisthonema libertate,Opisthonema libertate,public_outside
Opisthonema oglinum,Opisthonema oglinum,public_outside
Opisthopterus dovii,Opisthopterus dovii,private
Oplegnathus fasciatus,Oplegnathus fasciatus,public_outside
Orthopristis chalceus,Orthopristis chalceus,public_outside
Ostracion meleagris,Ostracion meleagris,public_outside
Otophidium indefatigabile,Otophidium indefatigabile,public_outside
Oxycirrhites typus,Oxycirrhites typus,public_outside
Paraclinus mexicanus,Paraclinus mexicanus,private
Paraconger californiensis,Paraconger californiensis,public_outside
Paraconger similis,Paraconger similis,private
Paralabrax callaensis,Paralabrax callaensis,public_outside
Paralabrax humeralis,Paralabrax humeralis,public_outside
Paralichthys woolmani,Paralichthys woolmani,private
Paraliparis rosaceus,Paraliparis rosaceus,public_outside
Paralonchurus dumerilii,Paralonchurus dumerilii,private
Paranthias colonus,Paranthias colonus,public_inside
Paranthias furcifer,Paranthias furcifer,public_outside
Pareques perissa,Pareques perissa,public_inside
Pareques viola,Pareques viola,public_outside
Parexocoetus brachypterus,Parexocoetus brachypterus,public_outside
Peprilus medius,Peprilus medius,public_outside
Perissias taeniopterus,Perissias taeniopterus,public_outside
Peristedion barbiger,Peristedion barbiger,public_outside
Photostomias guernei,Photostomias guernei,public_outside
Phtheirichthys lineatus,Phtheirichthys lineatus,public_outside
Physiculus nematopus,Physiculus nematopus,public_outside
Plagiotremus azaleus,Plagiotremus azaleus,public_inside
Pliosteostoma lutipinnis,Pliosteostoma lutipinnis,private
Plotosus lineatus,Plotosus lineatus,public_outside
Plotosus lineatus,Plotosus lineatus,public_outside
Polydactylus approximans,Polydactylus approximans,public_outside
Polydactylus opercularis,Polydactylus opercularis,private
Pomacanthus zonipectus,Pomacanthus zonipectus,public_outside
Pomadasys branickii,Pomadasys branickii,public_outside
Pomadasys macracanthus,Pomadasys macracanthus,public_outside
Pomadasys panamensis,Pomadasys panamensis,public_outside
Pontinus furcirhinus,Pontinus furcirhinus,public_outside
Pontinus sierra,Pontinus sierra,public_outside
Porichthys margaritatus,Porichthys margaritatus,private
Poromitra capito,Poromitra capito,public_outside
Poromitra crassiceps,Poromitra crassiceps,public_outside
Poromitra megalops,Poromitra megalops,public_outside
Priacanthus meeki,Priacanthus meeki,public_outside
Prionotus albirostris,Prionotus albirostris,public_outside
Prionotus ruscarius,Prionotus ruscarius,public_outside
Prionotus stephanophrys,Prionotus stephanophrys,public_inside
Prionurus laticlavius,Prionurus laticlavius,public_outside
Prionurus punctatus,Prionurus punctatus,public_outside
Pristigenys serrula,Pristigenys serrula,public_outside
Pristipomoides zonatus,Pristipomoides zonatus,public_outside
Prognichthys sealei,Prognichthys sealei,public_outside
Pronotogrammus multifasciatus,Pronotogrammus multifasciatus,public_outside
Protemblemaria bicirrus,Protemblemaria bicirrus,public_outside
Psenes arafurensis,Psenes arafurensis,public_outside
Psenes cyanophrys,Psenes cyanophrys,public_outside
Psenes pellucidus,Psenes pellucidus,public_outside
Psenes sio,Psenes sio,public_outside
Pseudobalistes naufragium,Pseudobalistes naufragium,public_outside
Pseudogramma thaumasia,Pseudogramma thaumasia,private
Pseudupeneus grandisquamis,Pseudupeneus grandisquamis,public_inside
Remora albescens,Remora albescens,public_outside
Remora australis,Remora australis,public_outside
Remora brachyptera,Remora brachyptera,public_outside
Remora osteochir,Remora osteochir,public_outside
Remora remora,Remora remora,public_outside
Rhynchoconger nitens,Rhynchoconger nitens,public_outside
Rosenblattichthys volucris,Rosenblattichthys volucris,public_outside
Rouleina attrita,Rouleina attrita,public_outside
Rypticus bicolor,Rypticus bicolor,public_inside
Rypticus nigripinnis,Rypticus nigripinnis,private
Sarda orientalis,Sarda orientalis,public_outside
Sardinops sagax,Sardinops melanosticta,public_outside
Sardinops sagax,Sardinops ocellatus,private
Sardinops sagax,Sardinops sagax,public_outside
Sargocentron suborbitale,Sargocentron suborbitale,public_outside
Scartichthys gigas,Scartichthys gigas,public_outside
Scarus compressus,Scarus compressus,private
Scarus ghobban,Scarus ghobban,public_outside
Scarus rubroviolaceus,Scarus rubroviolaceus,public_outside
Scomber colias,Scomber colias,public_outside
Scomber japonicus,Scomber japonicus,public_outside
Scomberomorus brasiliensis,Scomberomorus brasiliensis,public_outside
Scomberomorus maculatus,Scomberomorus maculatus,public_outside
Scomberomorus sierra,Scomberomorus sierra,public_inside
Scopeloberyx robustus,Scopeloberyx opercularis,private
Scopeloberyx robustus,Scopeloberyx robustus,public_outside
Scorpaena afuerae,Scorpaena afuerae,private
Scorpaena histrio,Scorpaena histrio,public_outside
Scorpaena mystes,Scorpaena mystes,public_inside
Scorpaena plumieri,Scorpaena plumieri,public_outside
Scorpaena russula,Scorpaena russula,private
Scorpaenodes xyris,Scorpaenodes xyris,public_inside
Scorpaenopsis diabolus,Scorpaenopsis diabolus,public_outside
Sectator ocyurus,Sectator ocyurus,public_outside
Selar crumenophthalmus,Selar crumenophthalmus,public_outside
Selene brevoortii,Selene brevoortii,public_outside
Selene peruviana,Selene peruviana,public_outside
Selene vomer,Selene vomer,public_outside
Seriola lalandi,Seriola lalandi,public_outside
Seriola rivoliana,Seriola rivoliana,public_outside
Seriolella violacea,Seriolella violacea,public_outside
Serranus aequidens,Serranus aequidens,public_outside
Serranus huascarii,Serranus huascarii,private
Serranus psittacinus,Serranus psittacinus,private
Serrivomer sector,Serrivomer sector,public_outside
Sicyases sanguineus,Sicyases sanguineus,public_outside
Sphoeroides annulatus,Sphoeroides annulatus,public_outside
Sphoeroides lobatus,Sphoeroides lobatus,public_outside
Sphoeroides sechurae,Sphoeroides sechurae,private
Sphyraena barracuda,Sphyraena barracuda,public_outside
Sphyraena barracuda,Sphyraena barracuda,public_outside
Sphyraena ensis,Sphyraena ensis,public_outside
Sphyraena idiastes,Sphyraena idiastes,public_inside
Sphyraena qenie,Sphyraena qenie,public_outside
Starksia galapagensis,Starksia galapagensis,public_inside
Stathmonotus culebrai,Stathmonotus culebrai,public_outside
Stegastes acapulcoensis,Stegastes acapulcoensis,public_outside
Stegastes arcifrons,Stegastes arcifrons,public_inside
Stegastes beebei,Stegastes beebei,public_inside
Stegastes flavilatus,Stegastes flavilatus,public_inside
Stegastes leucorus,Stegastes leucorus,private
Stegastes rectifraenum,Stegastes rectifraenum,public_outside
Stellifer ericymba,Stellifer ericymba,public_outside
Stellifer mancorensis,Stellifer mancorensis,private
Stellifer oscitans,Stellifer oscitans,public_outside
Stellifer zestocarus,Stellifer zestocarus,private
Sternoptyx diaphana,Sternoptyx diaphana,public_outside
Sternoptyx obscura,Sternoptyx obscura,public_outside
Stethojulis bandanensis,Stethojulis bandanensis,public_inside
Stomias atriventer,Stomias atriventer,public_outside
Stylephorus chordatus,Stylephorus chordatus,public_outside
Sufflamen fraenatum,Sufflamen fraenatum,public_outside
Sufflamen verres,Sufflamen verres,public_outside
Syacium latifrons,Syacium latifrons,public_outside
Syacium micrurum,Syacium micrurum,public_outside
Syacium ovale,Syacium ovale,public_outside
Symbolophorus evermanni,Symbolophorus evermanni,public_outside
Symphurus callopterus,Symphurus callopterus,public_outside
Symphurus chabanaudi,Symphurus chabanaudi,public_outside
Symphurus elongatus,Symphurus elongatus,private
Symphurus melanurus,Symphurus melanurus,private
Symphurus undecimplerus,Symphurus undecimplerus,public_outside
Synchiropus atrilabiatus,Synchiropus atrilabiatus,public_outside
Synodus evermanni,Synodus evermanni,public_outside
Synodus lacertinus,Synodus lacertinus,public_outside
Synodus scituliceps,Synodus scituliceps,public_inside
Synodus sechurae,Synodus sechurae,private
Taaningichthys paurolychnus,Taaningichthys paurolychnus,private
Taenianotus triacanthus,Taenianotus triacanthus,public_outside
Talismania bifurcata,Talismania bifurcata,public_outside
Taractes rubescens,Taractes rubescens,public_outside
Tetrapturus angustirostris,Tetrapturus angustirostris,public_outside
Thalassoma grammaticum,Thalassoma grammaticum,public_inside
Thalassoma lucasanum,Thalassoma lucasanum,public_inside
Thalassoma lutescens,Thalassoma lutescens,public_outside
Thalassoma purpureum,Thalassoma purpureum,public_inside
Thunnus alalunga,Thunnus alalunga,public_outside
Thunnus alalunga,Thunnus alalunga,public_outside
Thunnus albacares,Thunnus albacares,public_outside
Thunnus obesus,Thunnus obesus,public_outside
Tigrigobius nesiotes,Tigrigobius nesiotes,private
Tomicodon boehlkei,Tomicodon boehlkei,public_outside
Trachinotus blochii,Trachinotus falcatus,public_outside
Trachinotus blochii,Trachinotus blochii,public_outside
Trachinotus kennedyi,Trachinotus kennedyi,private
Trachinotus paitensis,Trachinotus paitensis,public_outside
Trachinotus rhodopus,Trachinotus rhodopus,public_outside
Trachinotus stilbe,Trachinotus stilbe,public_inside
Trachurus murphyi,Trachurus murphyi,public_outside
Trichiurus lepturus,Trichiurus japonicus,public_outside
Trichiurus lepturus,Trichiurus nitens,public_outside
Trichiurus lepturus,Trichiurus lepturus,public_outside
Triphoturus mexicanus,Triphoturus mexicanus,public_outside
Umbrina broussonnetii,Umbrina broussonnetii,public_outside
Umbrina galapagorum,Umbrina galapagorum,public_inside
Uraspis helvola,Uraspis helvola,public_outside
Uropterygius macrocephalus,Uropterygius macrocephalus,public_outside
Venefica procera,Venefica procera,public_outside
Venefica tentaculata,Venefica tentaculata,public_outside
Vinciguerria nimbaria,Vinciguerria nimbaria,public_outside
Xanthichthys caeruleolineatus,Xanthichthys caeruleolineatus,private
Xanthichthys mento,Xanthichthys mento,public_outside
Xenichthys xanti,Xenichthys xanti,public_outside
Xenistius californiensis,Xenistius californiensis,public_outside
Xenomugil thoburni,Xenomugil thoburni,public_inside
Xenomystax atrarius,Xenomystax atrarius,public_outside
Xiphias gladius,Xiphias gladius,public_outside
Xyrichtys novacula,Xyrichtys novacula,public_outside
Xyrichtys victori,Xyrichtys victori,public_inside
Yarrella argenteola,Yarrella argenteola,public_outside
Zalieutes elater,Zalieutes elater,public_outside
Zanclus cornutus,Zanclus cornutus,public_outside
