Aglaophamus macroura,Aglaophamus macroura,private
Aglaophamus trissophyllus,Aglaophamus trissophyllus,public_outside
Amphitrite kerguelensis,Amphitrite kerguelensis,private
Ancistrosyllis groenlandica,Ancistrosyllis groenlandica,public_outside
Aphelochaeta marioni,Tharyx marioni,private
Aphelochaeta multifilis,Tharyx multifilis,public_outside
Archinome rosacea,Archinome rosacea,public_outside
Artacama valparaisiensis,Artacama valparaisiensis,public_outside
Asychis amphiglyptus,Asychis amphiglypta,public_outside
Austrolaenilla antarctica,Austrolaenilla antarctica,public_outside
Branchipolynoe symmytilida,Branchipolynoe symmytilida,public_outside
Capitella capitata,Capitella capitata,public_outside
Ceratocephale loveni,Ceratocephale loveni,private
Chaetopterus variopedatus,Chaetopterus appendiculatus,private
Chaetopterus variopedatus,Chaetopterus kagosimensis,private
Chaetopterus variopedatus,Chaetopterus norvegicus,private
Chaetopterus variopedatus,Chaetopterus sarsi,public_outside
Chaetopterus variopedatus,Chaetopterus variopedatus,public_outside
Chaetozone setosa,Chaetozone setosa,public_outside
Cirratulus cirratus,Cirratulus cirratus,public_outside
Cistenides ehlersi,Cistenides ehlersi,public_outside
Dipolydora socialis,Dipolydora socialis,public_outside
Eulagisca gigantea,Eulagisca gigantea,public_outside
Eunice frauenfeldi,Eunice frauenfeldi,private
Eunice pennata,Eunice pennata,public_outside
Glycera americana,Glycera americana,public_outside
Glycera capitata,Glycera capitata,public_outside
Halosydna patagonica,Halosydna patagonica,private
Hemipodia simplex,Hemipodia simplex,public_outside
Hyalinoecia tubicola,Hyalinoecia tubicola,public_outside
Laetmonice producta,Laetmonice producta,private
Laonice cirrata,Laonice cirrata,public_outside
Laonice weddellia,Laonice weddellia,public_outside
Leanira quatrefagesi,Leanira quatrefagesi,public_outside
Leitoscoloplos chilensis,Leitoscoloplos chilensis,private
Leitoscoloplos pugettensis,Haploscoloplos elongatus,public_outside
Leitoscoloplos pugettensis,Leitoscoloplos pugettensis,public_outside
Leodamas marginatus,Scoloplos marginatus,private
Leodice antennata,Eunice antennata,public_outside
Levinsenia gracilis,Levinsenia gracilis,public_outside
Lumbrineris tetraura,Lumbrineris tetraura,public_outside
Maldane sarsi,Maldane sarsi,public_outside
Melinna cristata,Melinna cristata,public_outside
Neanthes kerguelensis,Neanthes kerguelensis,private
Nephtys ferruginea,Nephtys ferruginea,public_outside
Nephtys paradoxa,Nephtys paradoxa,public_outside
Nereis pelagica,Nereis pelagica,public_outside
Nicon maculata,Nicon maculata,private
Ninoe leptognatha,Ninoe leptognatha,public_outside
Nothria conchylega,Nothria conchylega,public_outside
Notomastus latericeus,Notomastus latericeus,public_outside
Onuphis iridescens,Onuphis iridescens,public_outside
Onuphis pseudoiridescens,Onuphis pseudoiridescens,public_outside
Paraprionospio pinnata,Paraprionospio pinnata,public_outside
Pelagobia longicirrata,Pelagobia longicirrata,public_outside
Perinereis gualpensis,Perinereis gualpensis,public_outside
Phragmatopoma virgini,Phragmatopoma moerchi,public_outside
Phragmatopoma virgini,Phragmatopoma virgini,public_outside
Pista brevibranchiata,Pista brevibranchiata,public_outside
Pista cristata,Pista cristata,public_outside
Platynereis magalhaensis,Platynereis magalhaensis,private
Polycirrus plumosus,Polycirrus plumosus,private
Polydora rickettsi,Polydora rickettsi,private
Polyeunoa laevis,Polynoe thouarellicola,private
Polyeunoa laevis,Polyeunoa laevis,public_outside
Prionospio ehlersi,Prionospio ehlersi,public_outside
Prionospio pygmaeus,Apoprionospio pygmaea,public_outside
Prionospio steenstrupi,Prionospio steenstrupi,public_outside
Psamathe fusca,Kefersteinia cirrata,private
Psamathe fusca,Psamathe fusca,public_outside
Scalibregma inflatum,Scalibregma inflatum,public_outside
Serpula narconensis,Serpula narconensis,private
Sigambra bassi,Sigambra bassi,public_outside
Sphaerodoropsis parva,Sphaerodoropsis parva,private
Sphaerosyllis hirsuta,Sphaerosyllis hirsuta,public_outside
Spiophanes bombyx,Spiophanes bombyx,public_outside
Spiophanes duplex,Spiophanes duplex,public_outside
Spiophanes kroyeri,Spiophanes kroyeri,public_outside
Spirobranchus triqueter,Pomatoceros triqueter,public_outside
Spirobranchus triqueter,Spirobranchus triqueter,private
Sternaspis scutata,Sternaspis scutata,public_inside
Syllis armillaris,Syllis armillaris,private
Syllis hyalina,Syllis hyalina,public_outside
Thelepus setosus,Thelepus spectabilis,private
Tomopteris septentrionalis,Tomopteris septentrionalis,public_outside
Travisia kerguelensis,Travisia kerguelensis,private
Travisiopsis coniceps,Travisiopsis coniceps,private
Travisiopsis levinseni,Travisiopsis levinseni,private
Typhloscolex muelleri,Typhloscolex muelleri,public_outside
