Acanthocyclus albatrossis,Acanthocyclus albatrossis,public_inside
Acanthocyclus gayi,Acanthocyclus gayi,public_inside
Acanthocyclus hassleri,Acanthocyclus hassleri,public_inside
Acanthoserolis schythei,Acanthoserolis schythei,private
Achelia assimilis,Achelia assimilis,public_inside
Aega magnifica,Aega magnifica,private
Aetideopsis minor,Aetideopsis minor,public_outside
Aetideopsis multiserrata,Aetideopsis multiserrata,public_outside
Aetideus armatus,Aetideus armatus,public_outside
Agetus flaccus,Agetus flaccus,private
Agetus typicus,Agetus typicus,private
Amaryllis macrophthalma,Amaryllis macrophthalma,private
Anoplodactylus californicus,Anoplodactylus californicus,public_inside
Anthosoma crassum,Anthosoma crassum,public_outside
Aora typica,Aora typica,public_outside
Aristias antarcticus,Aristias antarcticus,private
Austromegabalanus psittacus,Austromegabalanus psittacus,public_inside
Austropandalus grayi,Austropandalus grayi,public_inside
Betaeus truncatus,Betaeus truncatus,public_inside
Calanoides acutus,Calanoides acutus,public_outside
Calanus chilensis,Calanus chilensis,public_inside
Calanus propinquus,Calanus propinquus,public_outside
Calanus simillimus,Calanus simillimus,public_outside
Calcinus nitidus,Calcinus nitidus,public_outside
Callipallene margarita,Callipallene margarita,public_inside
Calocalanus styliremis,Calocalanus styliremis,public_outside
Cancer porteri,Cancer porteri,public_outside
Candacia bipinnata,Candacia bipinnata,public_outside
Candacia catula,Candacia catula,public_outside
Candacia ethiopica,Candacia ethiopica,public_outside
Candacia longimana,Candacia longimana,public_outside
Caprella equilibra,Caprella equilibra,public_outside
Caprella penantis,Caprella penantis,public_outside
Caprella scaura,Caprella scaura,public_outside
Centropages typicus,Centropages typicus,public_outside
Cervimunida johni,Cervimunida johni,public_inside
Chaceon affinis,Chaceon affinis,public_outside
Chiridius gracilis,Chiridius gracilis,public_outside
Clausocalanus arcuicornis,Clausocalanus arcuicornis,public_outside
Clausocalanus furcatus,Clausocalanus furcatus,public_outside
Clausocalanus jobei,Clausocalanus jobei,public_outside
Colossendeis angusta,Colossendeis angusta,public_outside
Colossendeis colossea,Colossendeis gigas,public_outside
Colossendeis colossea,Colossendeis colossea,public_outside
Colossendeis macerrima,Colossendeis japonica,public_outside
Colossendeis macerrima,Colossendeis macerrima,public_inside
Colossendeis media,Colossendeis media,private
Conchoderma virgatum,Conchoderma hunteri,public_outside
Conchoderma virgatum,Conchoderma virgatum,public_outside
Conchoecetta acuminata,Conchoecetta acuminata,public_outside
Conchoecilla chuni,Conchoecilla chuni,private
Conchoecilla daphnoides,Conchoecilla daphnoides,public_outside
Conchoecissa imbricata,Conchoecissa imbricata,public_outside
Conchoecissa symmetrica,Conchoecissa symmetrica,public_outside
Corycaeus speciosus,Corycaeus speciosus,public_outside
Crassicorophium bonellii,Crassicorophium bonellii,public_outside
Cristaserolis convexa,Cristaserolis convexa,private
Cryptocopoides arcticus,Cryptocopoides arcticus,private
Ctenocalanus citer,Ctenocalanus citer,public_outside
Ctenocalanus vanus,Ctenocalanus vanus,public_outside
Cyclaspis longicaudata,Cyclaspis longicaudata,private
Cyphocaris richardi,Cyphocaris richardi,private
Diastylis planifrons,Diastylis planifrons,private
Dioithona oculata,Oithona oculata,public_outside
Discoconchoecia elegans,Discoconchoecia elegans,public_outside
Elthusa vulgaris,Lironeca vulgaris,public_outside
Elthusa vulgaris,Elthusa vulgaris,public_outside
Emerita analoga,Emerita analoga,public_inside
Euaugaptilus laticeps,Euaugaptilus laticeps,public_outside
Euaugaptilus magnus,Euaugaptilus magnus,public_outside
Euchaeta marina,Euchaeta marina,public_outside
Euchaeta media,Euchaeta media,public_outside
Euchirella amoena,Euchirella amoena,public_outside
Euchirella pulchra,Euchirella pulchra,public_outside
Eucopia grimaldii,Eucopia grimaldii,public_outside
Euphausia diomedeae,Euphausia diomedeae,public_outside
Euphausia gibboides,Euphausia gibboides,public_outside
Euphausia lucens,Euphausia lucens,public_outside
Euphausia mutica,Euphausia mutica,public_outside
Euphausia recurva,Euphausia recurva,public_outside
Euphausia similis,Euphausia similis,public_outside
Euphausia vallentini,Euphausia vallentini,public_outside
Eurypodius latreillii,Eurypodius latreillii,public_inside
Eurypodius longirostris,Eurypodius longirostris,public_inside
Eurythenes gryllus,Eurythenes gryllus,public_outside
Euterpina acutifrons,Euterpina acutifrons,public_outside
Exosphaeroma studeri,Exosphaeroma studeri,private
Gaetanus brevispinus,Gaetanus brevispinus,public_outside
Gaetanus miles,Gaetanus miles,public_outside
Gaetanus minor,Gaetanus minor,public_outside
Gaetanus tenuispinus,Gaetanus tenuispinus,public_outside
Galacantha bellis,Galacantha bellis,private
Gondogeneia antarctica,Gondogeneia antarctica,private
Halicarcinus planatus,Halicarcinus planatus,public_inside
Halocypria globosa,Halocypria globosa,public_outside
Halocypris inflata,Halocypris inflata,public_outside
Haloptilus acutifrons,Haloptilus acutifrons,private
Haloptilus longicornis,Haloptilus longicornis,public_outside
Haloptilus oxycephalus,Haloptilus oxycephalus,private
Hemisquilla ensigera,Hemisquilla ensigera,public_outside
Heterophoxus videns,Heterophoxus videns,private
Heterorhabdus papilliger,Heterorhabdus papilliger,public_outside
Heterorhabdus spinifrons,Heterorhabdus spinifrons,public_outside
Hyperiella antarctica,Hyperiella antarctica,public_outside
Ianthopsis laevis,Ianthopsis laevis,private
Jassa alonsoae,Jassa alonsoae,private
Jasus frontalis,Jasus frontalis,public_outside
Joeropsis curvicornis,Joeropsis curvicornis,private
Kyrtoecia kyrtophora,Kyrtoecia kyrtophora,public_outside
Leucothoe spinicarpa,Leucothoe spinicarpa,public_outside
Libidoclaea granaria,Libidoclaea granaria,private
Lithodes santolla,Lithodes santolla,public_inside
Lophothrix humilifrons,Lophothrix humilifrons,public_outside
Lucicutia aurita,Lucicutia aurita,public_outside
Lucicutia bicornuta,Lucicutia bicornuta,private
Lucicutia flavicornis,Lucicutia flavicornis,public_outside
Lucicutia wolfendeni,Lucicutia wolfendeni,public_outside
Macroscapha inaequata,Macroscapha inaequata,public_outside
Macroscapha turbida,Macroscapha turbida,public_outside
Mecynocera clausi,Mecynocera clausi,public_outside
Mesocalanus tenuicornis,Mesocalanus tenuicornis,public_outside
Mesocletodes abyssicola,Mesocletodes abyssicola,private
Metaconchoecia skogsbergi,Metaconchoecia skogsbergi,public_outside
Metridia gerlachei,Metridia gerlachei,public_outside
Microcalanus pygmaeus,Microcalanus pygmaeus,private
Microphasma agassizi,Microphasma agassizi,public_outside
Microsetella norvegica,Microsetella norvegica,public_outside
Microsetella rosea,Microsetella rosea,private
Mikroconchoecia curta,Mikroconchoecia curta,public_outside
Moruloidea darwinii,Moruloidea darwinii,private
Munida gregaria,Munida gregaria,public_inside
Munida spinosa,Munida spinosa,public_outside
Munidopsis opalescens,Munidopsis opalescens,public_outside
Munidopsis trifida,Munidopsis trifida,public_outside
Munidopsis verrucosus,Munidopsis verrucosus,public_outside
Nannocalanus minor,Nannocalanus minor,public_outside
Nauticaris magellanica,Nauticaris magellanica,public_inside
Nematobrachion boopis,Nematobrachion boopis,private
Nematobrachion flexipes,Nematobrachion flexipes,public_outside
Nematoscelis atlantica,Nematoscelis atlantica,public_outside
Nematoscelis megalops,Nematoscelis megalops,public_outside
Neocalanus cristatus,Neocalanus cristatus,public_outside
Neocalanus gracilis,Neocalanus gracilis,public_outside
Neocalanus tonsus,Neocalanus tonsus,public_outside
Neolithodes diomedeae,Neolithodes diomedeae,public_outside
Neoserolis exigua,Neoserolis exigua,private
Notochthamalus scabrosus,Notochthamalus scabrosus,public_inside
Nototanais dimorphus,Nototanais dimorphus,private
Nymphon subtile,Nymphon gracile,public_outside
Nymphon subtile,Nymphon subtile,private
Obtusoecia antarctica,Obtusoecia antarctica,public_outside
Oithona atlantica,Oithona atlantica,public_outside
Oithona attenuata,Oithona attenuata,public_outside
Oithona nana,Oithona nana,private
Oithona plumifera,Oithona plumifera,public_outside
Oithona setigera,Oithona setigera,private
Oithona similis,Oithona helgolandica,private
Oithona similis,Oithona similis,public_outside
Oithona simplex,Oithona simplex,public_outside
Oithona tenuis,Oithona tenuis,private
Oncaea media,Oncaea media,private
Oncaea mediterranea,Oncaea mediterranea,public_outside
Oncaea venusta,Oncaea venusta,public_outside
Orchestoidea tuberculata,Orchestoidea tuberculata,public_inside
Orthoconchoecia haddoni,Orthoconchoecia haddoni,public_outside
Pagurus comptus,Pagurus comptus,public_inside
Pallenopsis patagonica,Pallenopsis patagonica,public_inside
Pallenopsis pilosa,Pallenopsis pilosa,public_outside
Pallenopsis vanhoeffeni,Pallenopsis vanhoeffeni,public_outside
Panulirus pascuensis,Panulirus pascuensis,public_outside
Paracalanus indicus,Paracalanus indicus,public_outside
Paracalanus parvus,Paracalanus parvus,public_outside
Paraconchoecia aequiseta,Paraconchoecia aequiseta,public_outside
Paraconchoecia oblonga,Paraconchoecia oblonga,public_outside
Paraeuchaeta antarctica,Paraeuchaeta antarctica,public_outside
Paraeuchaeta barbata,Paraeuchaeta barbata,private
Paralomis granulosa,Paralomis granulosa,public_inside
Paralomis spinosissima,Paralomis spinosissima,public_outside
Parandania boecki,Parandania boecki,private
Parawaldeckia kidderi,Parawaldeckia kidderi,public_outside
Pareucalanus attenuatus,Eucalanus attenuatus,private
Pareucalanus attenuatus,Eucalanus pseudattenuatus,public_outside
Pareucalanus attenuatus,Pareucalanus attenuatus,public_outside
Pareucalanus sewelli,Eucalanus sewelli,public_outside
Pareucalanus sewelli,Pareucalanus sewelli,private
Peltarion spinulosum,Peltarion spinulosum,public_inside
Petrolisthes tuberculatus,Petrolisthes tuberculatus,public_inside
Petrolisthes violaceus,Petrolisthes violaceus,public_inside
Phaenna spinifera,Phaenna spinifera,public_outside
Phronima atlantica,Phronima atlantica,private
Phronima sedentaria,Phronima sedentaria,public_outside
Phronima stebbingi,Phronima stebbingi,private
Phronimella elongata,Phronimella elongata,public_outside
Platymera gaudichaudii,Platymera gaudichaudii,private
Pleuromamma abdominalis,Pleuromamma abdominalis,public_outside
Pleuromamma gracilis,Pleuromamma gracilis,public_outside
Pleuromamma xiphias,Pleuromamma xiphias,public_outside
Pontellina plumata,Pontellina plumata,public_outside
Porroecia spinirostris,Porroecia spinirostris,public_outside
Primno macropa,Primno macropa,private
Proceroecia procera,Proceroecia procera,public_outside
Propagurus gaudichaudii,Propagurus gaudichaudii,public_inside
Pseudoamallothrix emarginata,Pseudoamallothrix emarginata,public_outside
Pseudoconchoecia serrulata,Pseudoconchoecia serrulata,public_outside
Pseudocorystes sicarius,Pseudocorystes sicarius,public_inside
Pycnogonum gaini,Pycnogonum gaini,public_outside
Rectarcturus kophameli,Rectarcturus kophameli,private
Rhincalanus nasutus,Rhincalanus nasutus,public_outside
Rhynchocinetes typus,Rhynchocinetes typus,public_outside
Scaphocalanus brevicornis,Scaphocalanus brevicornis,public_outside
Scina tullbergi,Scina tullbergi,private
Scolecithricella dentata,Scolecithricella dentata,public_outside
Scolecithricella minor,Scolecithricella minor,public_outside
Scolecithrix bradyi,Scolecithrix bradyi,public_outside
Scolecithrix danae,Scolecithrix danae,public_outside
Stereomastis nana,Stereomastis nana,public_outside
Stereomastis sculpta,Stereomastis sculpta,public_outside
Stereomastis suhmi,Stereomastis suhmi,public_outside
Stylocheiron abbreviatum,Stylocheiron abbreviatum,public_outside
Stylocheiron affine,Stylocheiron affine,public_outside
Stylocheiron carinatum,Stylocheiron carinatum,public_outside
Stylocheiron elongatum,Stylocheiron elongatum,public_outside
Stylocheiron longicorne,Stylocheiron longicorne,public_outside
Stylocheiron maximum,Stylocheiron maximum,public_outside
Subeucalanus crassus,Subeucalanus crassus,public_outside
Subeucalanus longiceps,Subeucalanus longiceps,public_outside
Subeucalanus subtenuis,Eucalanus subtenuis,public_outside
Subeucalanus subtenuis,Subeucalanus subtenuis,public_outside
Sympagurus dimorphus,Sympagurus dimorphus,private
Taliepus dentatus,Taliepus dentatus,public_inside
Tanystylum neorhetum,Tanystylum neorhetum,public_inside
Temora discaudata,Temora discaudata,public_outside
Temora stylifera,Temora stylifera,public_outside
Themisto gaudichaudii,Themisto gaudichaudii,public_outside
Thymops birsteini,Thymops birsteini,public_outside
Thysanoessa gregaria,Thysanoessa gregaria,public_outside
Thysanoessa macrura,Thysanoessa macrura,public_outside
Thysanopoda acutifrons,Thysanopoda acutifrons,public_outside
Triconia antarctica,Oncaea conifera,private
Triconia conifera,Oncaea conifera,private
Triconia conifera,Triconia conifera,public_outside
Undeuchaeta major,Undeuchaeta major,public_outside
Undeuchaeta plumosa,Undeuchaeta plumosa,private
Uroptychus parvulus,Uroptychus parvulus,public_outside
Vibilia armata,Vibilia armata,public_outside
