Caecosagitta macrocephala,Caecosagitta macrocephala,public_outside
Decipisagitta decipiens,Decipisagitta decipiens,public_outside
Eukrohnia fowleri,Eukrohnia fowleri,public_outside
Eukrohnia hamata,Eukrohnia hamata,public_outside
Flaccisagitta enflata,Sagitta enflata,public_outside
Flaccisagitta enflata,Flaccisagitta enflata,public_outside
Flaccisagitta hexaptera,Sagitta hexaptera,public_outside
Flaccisagitta hexaptera,Flaccisagitta hexaptera,private
Krohnitta subtilis,Krohnitta subtilis,public_outside
Pseudosagitta lyra,Sagitta lyra,public_outside
Pseudosagitta lyra,Pseudosagitta lyra,private
Pseudosagitta maxima,Pseudosagitta maxima,public_outside
Pterosagitta draco,Pterosagitta draco,public_outside
Serratosagitta pacifica,Serratosagitta pacifica,private
Solidosagitta marri,Sagitta marri,public_outside
Solidosagitta planctonis,Solidosagitta planctonis,public_outside
