Agelas conifera,Agelas conifera,public_outside
Agelas dispar,Agelas dispar,public_outside
Agelas sceptrum,Agelas arborescens,public_outside
Agelas sceptrum,Agelas sceptrum,public_outside
Agelas wiedenmayeri,Agelas wiedenmayeri,public_outside
Aiolochroia crassa,Ianthella basta,public_outside
Aiolochroia crassa,Aiolochroia crassa,public_outside
Amphimedon compressa,Amphimedon compressa,public_outside
Aplysina archeri,Aplysina archeri,public_outside
Aplysina cauliformis,Aplysina cauliformis,public_outside
Aplysina fistularis,Aplysina fistularis,public_outside
Aplysina fulva,Aplysina fulva,public_outside
Aplysina lacunosa,Aplysina lacunosa,public_outside
Artemisina melana,Artemisina melana,public_outside
Cinachyrella alloclada,Cinachyrella alloclada,public_outside
Cinachyrella kuekenthali,Cinachyrella kuekenthali,public_outside
Cliona varians,Cliona varians,private
Desmapsamma anchorata,Holopsamma helwigi,public_outside
Desmapsamma anchorata,Desmapsamma anchorata,public_outside
Dragmacidon reticulatum,Pseudaxinella reticulata,public_outside
Dragmacidon reticulatum,Dragmacidon reticulatum,private
Dysidea etheria,Dysidea etheria,private
Ectyoplasia ferox,Ectyoplasia ferox,public_outside
Geodia gibberosa,Geodia gibberosa,public_outside
Hymeniacidon caerulea,Hymeniacidon caerulea,private
Igernella notabilis,Igernella notabilis,public_outside
Iotrochota birotulata,Iotrochota birotulata,public_outside
Ircinia campana,Ircinia campana,public_outside
Ircinia felix,Ircinia felix,public_outside
Ircinia strobilina,Ircinia strobilina,public_outside
Myrmekioderma gyroderma,Myrmekioderma gyroderma,public_outside
Neofibularia nolitangere,Neofibularia nolitangere,public_outside
Neopetrosia proxima,Xestospongia proxima,public_outside
Neopetrosia proxima,Neopetrosia proxima,private
Neopetrosia rosariensis,Neopetrosia rosariensis,private
Neopetrosia subtriangularis,Neopetrosia subtriangularis,private
Niphates alba,Niphates alba,public_outside
Niphates digitalis,Niphates digitalis,public_outside
Niphates erecta,Niphates erecta,public_outside
Pandaros acanthifolium,Pandaros acanthifolium,public_outside
Placospongia carinata,Placospongia carinata,public_outside
Placospongia intermedia,Placospongia intermedia,public_outside
Plakinastrella onkodes,Plakinastrella onkodes,private
Plakortis halichondrioides,Plakortis halichondrioides,public_outside
Scopalina ruetzleri,Scopalina ruetzleri,public_outside
Spheciospongia vesparium,Spheciospongia vesparium,public_outside
Stellettinopsis megastylifera,Ecionemia megastylifera,public_outside
Svenzea zeai,Svenzea zeai,public_outside
Topsentia ophiraphidites,Topsentia ophiraphidites,public_outside
Tretodictyum tubulosum,Tretodictyum tubulosum,public_outside
Xestospongia muta,Xestospongia muta,public_outside
