Acharax johnsoni,Acharax johnsoni,public_outside
Ameritella carpenteri,Tellina carpenteri,public_outside
Argopecten purpuratus,Argopecten purpuratus,public_outside
Atlanta peronii,Oxygyrus keraudrenii,public_outside
Atlanta peronii,Atlanta peronii,public_outside
Austrolittorina araucana,Austrolittorina araucana,public_outside
Bathymargarites symplector,Bathymargarites symplector,public_outside
Bathymodiolus thermophilus,Bathymodiolus thermophilus,public_outside
Bathyteuthis abyssicola,Bathyteuthis abyssicola,public_outside
Bostrycapulus aculeatus,Crepidula aculeata,private
Bostrycapulus aculeatus,Crepidula gravispinosa,public_outside
Bostrycapulus aculeatus,Bostrycapulus aculeatus,public_outside
Bulla punctulata,Bulla punctulata,public_outside
Bursa cruentata,Bursa cruentata,public_outside
Bursa granularis,Bursa granularis,public_outside
Calyptogena magnifica,Calyptogena magnifica,public_outside
Carditamera affinis,Carditamera affinis,private
Cerithium adustum,Cerithium adustum,public_outside
Cerithium menkei,Cerithium menkei,public_outside
Cerithium muscarum,Cerithium muscarum,public_outside
Clypeosectus delectus,Clypeosectus delectus,public_outside
Columbella major,Columbella major,public_outside
Conus brunneus,Conus brunneus,public_outside
Conus musicus,Conus ceylanensis,public_outside
Conus musicus,Conus musicus,public_outside
Conus purpurascens,Conus purpurascens,public_outside
Conus recurvus,Conus recurvus,public_outside
Delectopecten vitreus,Delectopecten vitreus,public_outside
Distorsio habei,Distorsio habei,public_outside
Dosidicus gigas,Dosidicus gigas,public_outside
Echinolittorina aspera,Echinolittorina aspera,public_outside
Echinolittorina lemniscata,Echinolittorina galapagiensis,public_inside
Echinolittorina modesta,Nodilittorina modesta,private
Echinolittorina modesta,Echinolittorina modesta,public_outside
Echinolittorina paytensis,Echinolittorina paytensis,public_inside
Echinolittorina peruviana,Nodilittorina peruviana,private
Echinolittorina peruviana,Echinolittorina peruviana,public_outside
Elysia diomedea,Elysia diomedea,public_outside
Eulepetopsis vitrea,Eulepetopsis vitrea,public_outside
Euplica varians,Euplica varians,public_outside
Firoloida desmarestia,Firoloida demarestia,public_outside
Hipponix panamensis,Hipponix panamensis,private
Lepetodrilus cristatus,Lepetodrilus cristatus,public_outside
Lepetodrilus elevatus,Lepetodrilus elevatus,public_outside
Lepetodrilus ovalis,Lepetodrilus ovalis,public_outside
Lepetodrilus pustulosus,Lepetodrilus pustulosus,public_outside
Littoraria varia,Littoraria varia,public_inside
Lottia mesoleuca,Lottia mesoleuca,public_outside
Melanodrymia aurantiaca,Melanodrymia aurantiaca,public_outside
Monetaria caputserpentis,Cypraea caputserpentis,public_outside
Monetaria caputserpentis,Erosaria caputserpentis,public_outside
Monetaria caputserpentis,Monetaria caputserpentis,public_outside
Naria erosa,Cypraea erosa,public_outside
Naria erosa,Erosaria erosa,public_outside
Naria helvola,Cypraea helvola,public_outside
Naria helvola,Erosaria helvola,public_outside
Nerita funiculata,Nerita funiculata,public_inside
Nerita scabricosta,Nerita scabricosta,public_outside
Nerita undata,Nerita undata,public_outside
Onychoteuthis banksii,Onychoteuthis banksii,public_outside
Pachydermia laevis,Pachydermia laevis,public_outside
Peltospira operculata,Peltospira operculata,public_outside
Pilosabia trigona,Pilosabia trigona,public_outside
Planaxis planicostatus,Planaxis planicostatus,private
Provanna ios,Provanna ios,public_outside
Sthenoteuthis oualaniensis,Sthenoteuthis oualaniensis,public_outside
Stramonita biserialis,Stramonita biserialis,public_outside
Vasula melones,Vasula melones,public_outside
