Aphrodita japonica,Aphrodita japonica,private
Chone duneri,Chone duneri,private
Eunice websteri,Eunice websteri,private
Hyalinoecia tubicola,Hyalinoecia tubicola,public_outside
Lepidasthenia natans,Lepidasthenia longicirrata,public_outside
Nereis splendida,Nereis falsa,public_outside
Owenia fusiformis,Owenia fusiformis,public_outside
Pelagobia longicirrata,Pelagobia longicirrata,public_outside
Phragmatopoma virgini,Phragmatopoma moerchi,public_outside
Phragmatopoma virgini,Phragmatopoma virgini,public_outside
Platynereis polyscalma,Platynereis polyscalma,private
Pseudonereis gallapagensis,Pseudonereis gallapagensis,public_outside
Pseudonereis variegata,Pseudonereis variegata,public_outside
Scoloplos acutus,Scoloplos acutus,public_outside
Travisiopsis coniceps,Travisiopsis coniceps,private
Typhloscolex muelleri,Typhloscolex muelleri,public_outside
Vermiliopsis annulata,Vermiliopsis annulata,private
